-- phpMyAdmin SQL Dump
-- version 3.5.1
-- http://www.phpmyadmin.net
--
-- Servidor: localhost
-- Tiempo de generaci칩n: 23-05-2014 a las 18:00:51
-- Versi칩n del servidor: 5.5.24-log
-- Versi칩n de PHP: 5.3.13

SET SQL_MODE="NO_AUTO_VALUE_ON_ZERO";


/*!40101 SET @OLD_CHARACTER_SET_CLIENT=@@CHARACTER_SET_CLIENT */;
/*!40101 SET @OLD_CHARACTER_SET_RESULTS=@@CHARACTER_SET_RESULTS */;
/*!40101 SET @OLD_COLLATION_CONNECTION=@@COLLATION_CONNECTION */;
/*!40101 SET NAMES utf8 */;

--
-- Base de datos: `spanishwholesale2`
--

-- --------------------------------------------------------

--
-- Estructura de tabla para la tabla `articulos`
--

CREATE TABLE IF NOT EXISTS `articulos` (
  `id` int(11) NOT NULL AUTO_INCREMENT,
  `surtido_id` int(11) DEFAULT NULL,
  `pedido_id` int(11) DEFAULT NULL,
  `foto_id` int(11) DEFAULT NULL,
  `talla_inf` int(11) DEFAULT NULL,
  `talla_sup` int(11) DEFAULT NULL,
  `especificacion` text,
  `descuento` int(1) DEFAULT NULL,
  `unidades` int(11) DEFAULT NULL,
  `precio_unitario` double(15,2) DEFAULT NULL,
  `suma_total` double(15,2) DEFAULT NULL,
  `proveedor` int(11) DEFAULT NULL,
  `cliente` varchar(20) DEFAULT NULL,
  `tipo` varchar(20) DEFAULT NULL,
  `comision` int(3) DEFAULT NULL,
  `tim` timestamp NOT NULL DEFAULT CURRENT_TIMESTAMP,
  `bultos` int(11) DEFAULT NULL,
  `serializado` text,
  PRIMARY KEY (`id`),
  KEY `fk_reference_12` (`surtido_id`) USING BTREE,
  KEY `fk_reference_14` (`pedido_id`) USING BTREE,
  KEY `articulos_ibfk_1` (`foto_id`)
) ENGINE=InnoDB  DEFAULT CHARSET=utf8 AUTO_INCREMENT=80 ;

--
-- Volcado de datos para la tabla `articulos`
--

INSERT INTO `articulos` (`id`, `surtido_id`, `pedido_id`, `foto_id`, `talla_inf`, `talla_sup`, `especificacion`, `descuento`, `unidades`, `precio_unitario`, `suma_total`, `proveedor`, `cliente`, `tipo`, `comision`, `tim`, `bultos`, `serializado`) VALUES
(1, 2, 1, 1, 36, 41, '{"36":"1","37":"1","38":"1","39":"1","40":"1","41":null}', NULL, 6, 11.00, NULL, 89, '88', 'cajas_surtidas', 10, '2013-12-13 17:39:54', 2, 'a:1:{s:8:"Articulo";a:4:{s:2:"id";s:1:"1";s:8:"unidades";s:1:"6";s:15:"precio_unitario";s:5:"11.00";s:6:"bultos";s:1:"2";}}'),
(2, 1, 2, 2, 36, 41, '{"36":"1","37":"2","41":"2"}', NULL, 5, 11.00, NULL, 89, '91', 'surtido_libre', 10, '2013-12-16 01:15:54', 1, 'a:1:{s:8:"Articulo";a:4:{s:2:"id";s:1:"2";s:8:"unidades";s:1:"5";s:15:"precio_unitario";s:5:"11.00";s:6:"bultos";s:1:"1";}}'),
(4, 1, 2, 1, 36, 41, '{"41":"5"}', NULL, 5, 11.00, NULL, 89, '91', 'surtido_libre', 10, '2013-12-16 01:16:54', 1, 'a:1:{s:8:"Articulo";a:4:{s:2:"id";s:1:"4";s:8:"unidades";s:1:"5";s:15:"precio_unitario";s:5:"11.00";s:6:"bultos";s:1:"1";}}'),
(5, 1, 3, 2, 36, 41, '{"36":"2","38":"2"}', NULL, 4, 11.00, NULL, 89, '92', 'surtido_libre', 10, '2013-12-16 18:25:11', 1, 'a:1:{s:8:"Articulo";a:4:{s:2:"id";s:1:"5";s:8:"unidades";s:1:"4";s:15:"precio_unitario";s:5:"11.00";s:6:"bultos";s:1:"1";}}'),
(6, 1, 3, 1, 36, 41, '{"36":"1","37":"1","38":"1","39":"1"}', NULL, 4, 11.00, NULL, 89, '92', 'surtido_libre', 10, '2013-12-16 18:25:40', 1, 'a:1:{s:8:"Articulo";a:4:{s:2:"id";s:1:"6";s:8:"unidades";s:1:"4";s:15:"precio_unitario";s:5:"11.00";s:6:"bultos";s:1:"1";}}'),
(7, 1, 3, 3, 36, 41, '{"36":"1","37":"1","39":"1","41":"1"}', NULL, 4, 11.00, NULL, 89, '92', 'surtido_libre', 10, '2013-12-16 18:26:08', 1, 'a:1:{s:8:"Articulo";a:4:{s:2:"id";s:1:"7";s:8:"unidades";s:1:"4";s:15:"precio_unitario";s:5:"11.00";s:6:"bultos";s:1:"1";}}'),
(8, 4, 3, 5, 41, 45, '{"41":"2","42":"2","43":"2","44":"2","45":"2"}', NULL, 10, 11.00, NULL, 89, '92', 'cajas_surtidas', 10, '2013-12-16 19:17:18', 3, 'a:1:{s:8:"Articulo";a:4:{s:2:"id";s:1:"8";s:8:"unidades";s:2:"10";s:15:"precio_unitario";s:5:"11.00";s:6:"bultos";s:1:"3";}}'),
(9, 5, 4, 6, 36, 41, '{"36":"25","37":"25","38":"25","39":"25"}', NULL, 100, 15.00, NULL, 94, '92', 'surtido_libre', 7, '2013-12-17 21:51:03', 9, 'a:1:{s:8:"Articulo";a:4:{s:2:"id";s:1:"9";s:8:"unidades";s:3:"100";s:15:"precio_unitario";s:5:"15.00";s:6:"bultos";s:1:"9";}}'),
(10, 4, 5, 5, 41, 45, '{"41":"2","42":"2","43":"2","44":"2","45":"2"}', NULL, 18, 11.00, NULL, 89, '88', 'cajas_surtidas', 10, '2014-01-10 14:36:47', 4, 'a:1:{s:8:"Articulo";a:4:{s:2:"id";s:2:"10";s:8:"unidades";s:2:"18";s:15:"precio_unitario";s:5:"11.00";s:6:"bultos";s:1:"4";}}'),
(11, 4, 6, 5, 41, 45, '{"41":"2","42":"2","43":"2","44":"2","45":"2"}', NULL, 18, 11.00, NULL, 89, '88', 'cajas_surtidas', 10, '2014-01-10 16:25:00', 2, 'a:1:{s:8:"Articulo";a:4:{s:2:"id";s:2:"11";s:8:"unidades";s:2:"18";s:15:"precio_unitario";s:5:"11.00";s:6:"bultos";s:1:"2";}}'),
(12, 10, 7, 11, 36, 41, '{"36":"1","37":"2","38":"4","39":"4","40":"2","41":"1"}', NULL, 14, 10.00, NULL, 95, '92', 'cajas_surtidas', 7, '2014-01-13 19:11:11', 1, 'a:1:{s:8:"Articulo";a:4:{s:2:"id";s:2:"12";s:8:"unidades";s:2:"14";s:15:"precio_unitario";s:5:"10.00";s:6:"bultos";s:1:"1";}}'),
(13, 11, 8, 12, 42, 48, '{"42":"3","43":"5","44":"2","45":"4","46":"8","47":"2","48":"6"}', NULL, 30, 19.00, NULL, 95, '92', 'surtido_libre', 7, '2014-01-13 19:12:29', 3, 'a:1:{s:8:"Articulo";a:4:{s:2:"id";s:2:"13";s:8:"unidades";s:2:"30";s:15:"precio_unitario";s:5:"19.00";s:6:"bultos";s:1:"3";}}'),
(14, 11, 9, 12, 42, 48, '{"45":"33"}', NULL, 33, 6.96, NULL, 95, '88', 'surtido_libre', 7, '2014-01-13 22:49:26', 3, 'a:1:{s:8:"Articulo";a:4:{s:2:"id";s:2:"14";s:8:"unidades";s:2:"33";s:15:"precio_unitario";s:4:"6.96";s:6:"bultos";s:1:"3";}}'),
(15, 2, 10, 3, 36, 41, '{"36":"1","37":"1","38":"1","39":"1","40":"1","41":null}', NULL, 5, 21.00, NULL, 89, '88', 'cajas_surtidas', 10, '2014-02-04 22:10:49', 3, 'a:1:{s:8:"Articulo";a:4:{s:2:"id";s:2:"15";s:8:"unidades";s:1:"5";s:15:"precio_unitario";s:5:"21.00";s:6:"bultos";s:1:"3";}}'),
(24, 4, 12, 5, 41, 45, '{"41":"2","42":"2","43":"2","44":"2","45":"2"}', NULL, 18, 20.00, NULL, 89, '98', 'cajas_surtidas', 10, '2014-02-13 14:46:44', 2, 'a:1:{s:8:"Articulo";a:4:{s:2:"id";s:2:"24";s:8:"unidades";s:2:"18";s:15:"precio_unitario";s:5:"20.00";s:6:"bultos";s:1:"2";}}'),
(25, 4, 12, 5, 41, 45, '{"41":"2","42":"2","43":"2","44":"2","45":"2"}', NULL, 18, 110.00, NULL, 89, '98', 'cajas_surtidas', 10, '2014-02-13 14:46:58', 1, 'a:1:{s:8:"Articulo";a:4:{s:2:"id";s:2:"25";s:8:"unidades";s:2:"18";s:15:"precio_unitario";s:6:"110.00";s:6:"bultos";s:1:"1";}}'),
(26, 4, 12, 5, 41, 45, '{"41":"2","42":"2","43":"2","44":"2","45":"2"}', NULL, 18, 1.00, NULL, 89, '98', 'cajas_surtidas', 10, '2014-02-13 14:47:21', 2, 'a:1:{s:8:"Articulo";a:4:{s:2:"id";s:2:"26";s:8:"unidades";s:2:"18";s:15:"precio_unitario";s:4:"1.00";s:6:"bultos";s:1:"2";}}'),
(27, 2, 12, 3, 36, 41, '{"36":"1","37":"1","38":"1","39":"1","40":"1","41":null}', NULL, 5, 11.00, NULL, 89, '98', 'cajas_surtidas', 10, '2014-02-13 14:47:39', 2, 'a:1:{s:8:"Articulo";a:4:{s:2:"id";s:2:"27";s:8:"unidades";s:1:"5";s:15:"precio_unitario";s:5:"11.00";s:6:"bultos";s:1:"2";}}'),
(28, 11, 13, 12, 42, 48, '{"46":"11"}', NULL, 11, 6.96, NULL, 95, '98', 'surtido_libre', 7, '2014-02-13 14:57:37', 1, 'a:1:{s:8:"Articulo";a:4:{s:2:"id";s:2:"28";s:8:"unidades";s:2:"11";s:15:"precio_unitario";s:4:"6.96";s:6:"bultos";s:1:"1";}}'),
(29, 7, 14, 8, 35, 38, '{"35":"1","36":"2","37":"3","38":"1"}', NULL, 7, 6.60, NULL, 93, '91', 'cajas_surtidas', 10, '2014-02-13 21:09:54', 12, 'a:1:{s:8:"Articulo";a:4:{s:2:"id";s:2:"29";s:8:"unidades";s:1:"7";s:15:"precio_unitario";s:4:"6.60";s:6:"bultos";s:2:"12";}}'),
(30, 3, 15, 4, 41, 45, '{"43":"1","45":"3"}', NULL, 4, 11.00, NULL, 89, '91', 'surtido_libre', 10, '2014-02-13 21:11:18', 1, 'a:1:{s:8:"Articulo";a:4:{s:2:"id";s:2:"30";s:8:"unidades";s:1:"4";s:15:"precio_unitario";s:5:"11.00";s:6:"bultos";s:1:"1";}}'),
(31, 8, 16, 9, 36, 42, '{"36":"1","37":"2","38":"3","39":"4","40":"1","41":"1","42":"1"}', NULL, 13, 3.85, NULL, 93, '91', 'cajas_surtidas', 10, '2014-02-18 01:30:33', 1, 'a:1:{s:8:"Articulo";a:4:{s:2:"id";s:2:"31";s:8:"unidades";s:2:"13";s:15:"precio_unitario";s:4:"3.85";s:6:"bultos";s:1:"1";}}'),
(32, 22, 17, 18, 22, 33, '{"22":"1","23":"1","24":"1","25":"1","26":"1","27":"1","28":"1","29":"1","30":"1","31":"1","32":"1","33":"1"}', NULL, 12, 12.10, NULL, 89, '102', 'surtido_libre', 10, '2014-02-20 22:59:55', 1, 'a:1:{s:8:"Articulo";a:4:{s:2:"id";s:2:"32";s:8:"unidades";s:2:"12";s:15:"precio_unitario";s:5:"12.10";s:6:"bultos";s:1:"1";}}'),
(33, 24, 18, 23, 30, 50, '{"30":"1","31":"2","32":"3","33":"4","34":"5","35":"6","36":"7","37":"8","38":"9","39":"9","40":"8","41":"7","42":"6","43":"5","44":"4","45":"","46":null,"47":null,"48":null,"49":null,"50":null}', NULL, 99, 25.00, NULL, 103, '102', 'cajas_surtidas', 3, '2014-02-21 11:21:13', 2, 'a:1:{s:8:"Articulo";a:4:{s:2:"id";s:2:"33";s:8:"unidades";s:2:"99";s:15:"precio_unitario";s:5:"25.00";s:6:"bultos";s:1:"2";}}'),
(34, 23, 18, 20, 30, 45, '{"30":"1","31":"1","32":"1","33":"1","34":"1","35":"1","36":"1","37":"1","38":"1","39":"1","40":"1","41":"1","42":"1","43":"1","44":"1","45":"1"}', NULL, 16, 18.00, NULL, 103, '102', 'surtido_libre', 3, '2014-02-21 11:21:29', 2, 'a:1:{s:8:"Articulo";a:4:{s:2:"id";s:2:"34";s:8:"unidades";s:2:"16";s:15:"precio_unitario";s:5:"18.00";s:6:"bultos";s:1:"2";}}'),
(37, 22, 20, 18, 22, 33, '{"22":"1","23":"1","24":"1","25":"1","26":"1","27":"1","28":"1","29":"1","30":"1","31":"1","32":"1"}', NULL, 11, 12.10, NULL, 89, '102', 'surtido_libre', 10, '2014-02-21 13:33:19', 1, 'a:1:{s:8:"Articulo";a:4:{s:2:"id";s:2:"37";s:8:"unidades";s:2:"11";s:15:"precio_unitario";s:5:"12.10";s:6:"bultos";s:1:"1";}}'),
(38, 27, 21, 26, 32, 43, '{"40":"2"}', NULL, 2, 32.00, NULL, 104, '91', 'surtido_libre', NULL, '2014-02-25 20:17:24', 1, 'a:14:{s:9:"talla_inf";s:2:"32";s:9:"talla_sup";s:2:"43";s:8:"comision";N;s:10:"surtido_id";s:2:"27";s:9:"pedido_id";s:2:"21";s:7:"foto_id";s:2:"26";s:4:"tipo";s:13:"surtido_libre";s:14:"especificacion";s:10:"{"40":"2"}";s:9:"proveedor";s:3:"104";s:7:"cliente";s:2:"91";s:15:"precio_unitario";i:32;s:8:"unidades";i:2;s:6:"bultos";d:1;s:3:"tim";O:8:"stdClass":2:{s:4:"type";s:10:"expression";s:5:"value";s:5:"NOW()";}}'),
(39, 25, 22, 24, 30, 35, '{"30":"1","31":"1","32":"1","33":"1","34":"1","35":"1"}', NULL, 6, 16.50, NULL, 89, '91', 'surtido_libre', 10, '2014-02-25 20:20:51', 1, 'a:14:{s:9:"talla_inf";s:2:"30";s:9:"talla_sup";s:2:"35";s:8:"comision";s:2:"10";s:10:"surtido_id";s:2:"25";s:9:"pedido_id";s:2:"22";s:7:"foto_id";s:2:"24";s:4:"tipo";s:13:"surtido_libre";s:14:"especificacion";s:55:"{"30":"1","31":"1","32":"1","33":"1","34":"1","35":"1"}";s:9:"proveedor";s:2:"89";s:7:"cliente";s:2:"91";s:15:"precio_unitario";d:16.5;s:8:"unidades";i:6;s:6:"bultos";d:1;s:3:"tim";O:8:"stdClass":2:{s:4:"type";s:10:"expression";s:5:"value";s:5:"NOW()";}}'),
(40, 26, 22, 24, 35, 40, '{"35":"56","36":"56","37":"56","38":"56","39":"56","40":"56"}', NULL, 336, 11.00, NULL, 89, '91', 'cajas_surtidas', 10, '2014-02-25 20:21:34', 1, 'a:14:{s:9:"talla_inf";s:2:"35";s:9:"talla_sup";s:2:"40";s:8:"comision";s:2:"10";s:10:"surtido_id";s:2:"26";s:9:"pedido_id";s:2:"22";s:7:"foto_id";s:2:"24";s:4:"tipo";s:14:"cajas_surtidas";s:14:"especificacion";s:61:"{"35":"56","36":"56","37":"56","38":"56","39":"56","40":"56"}";s:9:"proveedor";s:2:"89";s:7:"cliente";s:2:"91";s:15:"precio_unitario";i:11;s:8:"unidades";s:3:"336";s:6:"bultos";s:1:"1";s:3:"tim";O:8:"stdClass":2:{s:4:"type";s:10:"expression";s:5:"value";s:5:"NOW()";}}'),
(41, 14, 20, 15, 23, 34, '{"23":"2","24":"3","25":null,"26":null,"27":null,"28":null,"29":null,"30":null,"31":null,"32":null,"33":null,"34":null}', NULL, 5, 49.50, NULL, 89, '102', 'cajas_surtidas', 10, '2014-03-03 16:24:30', 5, 'a:14:{s:9:"talla_inf";s:2:"23";s:9:"talla_sup";s:2:"34";s:8:"comision";s:2:"10";s:10:"surtido_id";s:2:"14";s:9:"pedido_id";s:2:"20";s:7:"foto_id";s:2:"15";s:4:"tipo";s:14:"cajas_surtidas";s:14:"especificacion";s:119:"{"23":"2","24":"3","25":null,"26":null,"27":null,"28":null,"29":null,"30":null,"31":null,"32":null,"33":null,"34":null}";s:9:"proveedor";s:2:"89";s:7:"cliente";s:3:"102";s:15:"precio_unitario";d:49.5;s:8:"unidades";s:1:"5";s:6:"bultos";s:1:"5";s:3:"tim";O:8:"stdClass":2:{s:4:"type";s:10:"expression";s:5:"value";s:5:"NOW()";}}'),
(42, 23, 23, 20, 30, 45, '{"30":"5","31":"5","32":"5","33":"5","34":"5","35":"5","36":"5","37":"5","38":"5","39":"5","40":"5","41":"5","42":"5","43":"5","44":"5","45":"5"}', NULL, 80, 15.45, NULL, 103, '102', 'surtido_libre', 3, '2014-03-03 16:36:20', 7, 'a:14:{s:9:"talla_inf";s:2:"30";s:9:"talla_sup";s:2:"45";s:8:"comision";s:1:"3";s:10:"surtido_id";s:2:"23";s:9:"pedido_id";s:2:"23";s:7:"foto_id";s:2:"20";s:4:"tipo";s:13:"surtido_libre";s:14:"especificacion";s:145:"{"30":"5","31":"5","32":"5","33":"5","34":"5","35":"5","36":"5","37":"5","38":"5","39":"5","40":"5","41":"5","42":"5","43":"5","44":"5","45":"5"}";s:9:"proveedor";s:3:"103";s:7:"cliente";s:3:"102";s:15:"precio_unitario";d:15.449999999999999289457264239899814128875732421875;s:8:"unidades";i:80;s:6:"bultos";d:7;s:3:"tim";O:8:"stdClass":2:{s:4:"type";s:10:"expression";s:5:"value";s:5:"NOW()";}}'),
(43, 26, 24, 24, 35, 40, '{"35":"56","36":"56","37":"56","38":"56","39":"56","40":"56"}', NULL, 336, 11.00, NULL, 89, '97', 'cajas_surtidas', 10, '2014-03-06 16:54:09', 1, 'a:14:{s:9:"talla_inf";s:2:"35";s:9:"talla_sup";s:2:"40";s:8:"comision";s:2:"10";s:10:"surtido_id";s:2:"26";s:9:"pedido_id";s:2:"24";s:7:"foto_id";s:2:"24";s:4:"tipo";s:14:"cajas_surtidas";s:14:"especificacion";s:61:"{"35":"56","36":"56","37":"56","38":"56","39":"56","40":"56"}";s:9:"proveedor";s:2:"89";s:7:"cliente";s:2:"97";s:15:"precio_unitario";i:11;s:8:"unidades";s:3:"336";s:6:"bultos";s:1:"1";s:3:"tim";O:8:"stdClass":2:{s:4:"type";s:10:"expression";s:5:"value";s:5:"NOW()";}}'),
(47, 11, 27, 12, 42, 48, '{"42":"1","43":"2","44":"3"}', NULL, 6, 6.96, NULL, 95, '92', 'surtido_libre', 7, '2014-03-14 14:55:31', 1, 'a:14:{s:9:"talla_inf";s:2:"42";s:9:"talla_sup";s:2:"48";s:8:"comision";s:1:"7";s:10:"surtido_id";s:2:"11";s:9:"pedido_id";s:2:"27";s:7:"foto_id";s:2:"12";s:4:"tipo";s:13:"surtido_libre";s:14:"especificacion";s:28:"{"42":"1","43":"2","44":"3"}";s:9:"proveedor";s:2:"95";s:7:"cliente";s:2:"92";s:15:"precio_unitario";d:6.9550000000000000710542735760100185871124267578125;s:8:"unidades";i:6;s:6:"bultos";d:1;s:3:"tim";O:8:"stdClass":2:{s:4:"type";s:10:"expression";s:5:"value";s:5:"NOW()";}}'),
(48, 10, 27, 11, 36, 41, '{"36":"1","37":"2","38":"4","39":"4","40":"2","41":"1"}', NULL, 14, 8.55, NULL, 95, '92', 'cajas_surtidas', 7, '2014-03-14 14:56:02', 2, 'a:14:{s:9:"talla_inf";s:2:"36";s:9:"talla_sup";s:2:"41";s:8:"comision";s:1:"7";s:10:"surtido_id";s:2:"10";s:9:"pedido_id";s:2:"27";s:7:"foto_id";s:2:"11";s:4:"tipo";s:14:"cajas_surtidas";s:14:"especificacion";s:55:"{"36":"1","37":"2","38":"4","39":"4","40":"2","41":"1"}";s:9:"proveedor";s:2:"95";s:7:"cliente";s:2:"92";s:15:"precio_unitario";d:8.5493000000000005655920176650397479534149169921875;s:8:"unidades";s:2:"14";s:6:"bultos";s:1:"2";s:3:"tim";O:8:"stdClass":2:{s:4:"type";s:10:"expression";s:5:"value";s:5:"NOW()";}}'),
(50, 4, 29, 5, 41, 45, '{"41":"2","42":"2","43":"2","44":"2","45":"2"}', NULL, 18, 11.00, NULL, 89, '98', 'cajas_surtidas', 10, '2014-03-19 11:55:23', 21, 'a:14:{s:9:"talla_inf";s:2:"41";s:9:"talla_sup";s:2:"45";s:8:"comision";s:2:"10";s:10:"surtido_id";s:1:"4";s:9:"pedido_id";s:2:"29";s:7:"foto_id";s:1:"5";s:4:"tipo";s:14:"cajas_surtidas";s:14:"especificacion";s:46:"{"41":"2","42":"2","43":"2","44":"2","45":"2"}";s:9:"proveedor";s:2:"89";s:7:"cliente";s:2:"98";s:15:"precio_unitario";i:11;s:8:"unidades";s:2:"18";s:6:"bultos";s:1:"1";s:3:"tim";O:8:"stdClass":2:{s:4:"type";s:10:"expression";s:5:"value";s:5:"NOW()";}}'),
(51, 3, 29, 5, 41, 45, '{"42":"3"}', NULL, 3, 11.00, NULL, 89, '98', 'surtido_libre', 10, '2014-03-18 09:37:10', 1, 'a:14:{s:9:"talla_inf";s:2:"41";s:9:"talla_sup";s:2:"45";s:8:"comision";s:2:"10";s:10:"surtido_id";s:1:"3";s:9:"pedido_id";s:2:"29";s:7:"foto_id";s:1:"5";s:4:"tipo";s:13:"surtido_libre";s:14:"especificacion";s:10:"{"42":"3"}";s:9:"proveedor";s:2:"89";s:7:"cliente";s:2:"98";s:15:"precio_unitario";i:11;s:8:"unidades";i:3;s:6:"bultos";d:1;s:3:"tim";O:8:"stdClass":2:{s:4:"type";s:10:"expression";s:5:"value";s:5:"NOW()";}}'),
(52, 18, 29, 15, 21, 24, '{"21":"1","22":"1","23":"1","24":"1"}', NULL, 4, 1.10, NULL, 89, '98', 'cajas_surtidas', 10, '2014-03-19 11:57:02', 1, 'a:14:{s:9:"talla_inf";s:2:"21";s:9:"talla_sup";s:2:"24";s:8:"comision";s:2:"10";s:10:"surtido_id";s:2:"18";s:9:"pedido_id";s:2:"29";s:7:"foto_id";s:2:"15";s:4:"tipo";s:14:"cajas_surtidas";s:14:"especificacion";s:37:"{"21":"1","22":"1","23":"1","24":"1"}";s:9:"proveedor";s:2:"89";s:7:"cliente";s:2:"98";s:15:"precio_unitario";d:1.100000000000000088817841970012523233890533447265625;s:8:"unidades";s:1:"4";s:6:"bultos";s:1:"2";s:3:"tim";O:8:"stdClass":2:{s:4:"type";s:10:"expression";s:5:"value";s:5:"NOW()";}}'),
(53, 18, 29, 15, 21, 24, '{"21":"1","22":"1","23":"1","24":"1"}', NULL, 4, 1.10, NULL, 89, '98', 'cajas_surtidas', 10, '2014-03-19 11:57:10', 1, 'a:14:{s:9:"talla_inf";s:2:"21";s:9:"talla_sup";s:2:"24";s:8:"comision";s:2:"10";s:10:"surtido_id";s:2:"18";s:9:"pedido_id";s:2:"29";s:7:"foto_id";s:2:"15";s:4:"tipo";s:14:"cajas_surtidas";s:14:"especificacion";s:37:"{"21":"1","22":"1","23":"1","24":"1"}";s:9:"proveedor";s:2:"89";s:7:"cliente";s:2:"98";s:15:"precio_unitario";d:1.100000000000000088817841970012523233890533447265625;s:8:"unidades";s:1:"4";s:6:"bultos";s:1:"1";s:3:"tim";O:8:"stdClass":2:{s:4:"type";s:10:"expression";s:5:"value";s:5:"NOW()";}}'),
(54, 27, 30, 26, 32, 43, '{"37":"3"}', NULL, 3, 32.00, NULL, 104, '98', 'surtido_libre', NULL, '2014-03-18 09:43:10', 1, 'a:14:{s:9:"talla_inf";s:2:"32";s:9:"talla_sup";s:2:"43";s:8:"comision";N;s:10:"surtido_id";s:2:"27";s:9:"pedido_id";s:2:"30";s:7:"foto_id";s:2:"26";s:4:"tipo";s:13:"surtido_libre";s:14:"especificacion";s:10:"{"37":"3"}";s:9:"proveedor";s:3:"104";s:7:"cliente";s:2:"98";s:15:"precio_unitario";i:32;s:8:"unidades";i:3;s:6:"bultos";d:1;s:3:"tim";O:8:"stdClass":2:{s:4:"type";s:10:"expression";s:5:"value";s:5:"NOW()";}}'),
(55, 27, 30, 26, 32, 43, '{"34":"3"}', NULL, 3, 32.00, NULL, 104, '98', 'surtido_libre', NULL, '2014-03-18 09:43:18', 1, 'a:14:{s:9:"talla_inf";s:2:"32";s:9:"talla_sup";s:2:"43";s:8:"comision";N;s:10:"surtido_id";s:2:"27";s:9:"pedido_id";s:2:"30";s:7:"foto_id";s:2:"26";s:4:"tipo";s:13:"surtido_libre";s:14:"especificacion";s:10:"{"34":"3"}";s:9:"proveedor";s:3:"104";s:7:"cliente";s:2:"98";s:15:"precio_unitario";i:32;s:8:"unidades";i:3;s:6:"bultos";d:1;s:3:"tim";O:8:"stdClass":2:{s:4:"type";s:10:"expression";s:5:"value";s:5:"NOW()";}}'),
(56, 27, 30, 26, 32, 43, '{"40":"4"}', NULL, 4, 32.00, NULL, 104, '98', 'surtido_libre', NULL, '2014-03-18 09:43:25', 1, 'a:14:{s:9:"talla_inf";s:2:"32";s:9:"talla_sup";s:2:"43";s:8:"comision";N;s:10:"surtido_id";s:2:"27";s:9:"pedido_id";s:2:"30";s:7:"foto_id";s:2:"26";s:4:"tipo";s:13:"surtido_libre";s:14:"especificacion";s:10:"{"40":"4"}";s:9:"proveedor";s:3:"104";s:7:"cliente";s:2:"98";s:15:"precio_unitario";i:32;s:8:"unidades";i:4;s:6:"bultos";d:1;s:3:"tim";O:8:"stdClass":2:{s:4:"type";s:10:"expression";s:5:"value";s:5:"NOW()";}}'),
(58, 12, 31, 13, 37, 43, '{"37":"1","38":"1","39":"1","40":"1","41":"1","42":"1","43":"1"}', NULL, 7, 2.62, NULL, 95, '92', 'cajas_surtidas', 7, '2014-03-20 12:07:40', 3, 'a:14:{s:9:"talla_inf";s:2:"37";s:9:"talla_sup";s:2:"43";s:8:"comision";s:1:"7";s:10:"surtido_id";s:2:"12";s:9:"pedido_id";s:2:"31";s:7:"foto_id";s:2:"13";s:4:"tipo";s:14:"cajas_surtidas";s:14:"especificacion";s:64:"{"37":"1","38":"1","39":"1","40":"1","41":"1","42":"1","43":"1"}";s:9:"proveedor";s:2:"95";s:7:"cliente";s:2:"92";s:15:"precio_unitario";d:2.62150000000000016342482922482304275035858154296875;s:8:"unidades";s:1:"7";s:6:"bultos";s:1:"3";s:3:"tim";O:8:"stdClass":2:{s:4:"type";s:10:"expression";s:5:"value";s:5:"NOW()";}}'),
(61, 10, 31, 11, 36, 41, '{"36":"1","37":"2","38":"4","39":"4","40":"2","41":"1"}', NULL, 14, 8.55, NULL, 95, '92', 'cajas_surtidas', 7, '2014-03-20 12:13:22', 2, 'a:14:{s:9:"talla_inf";s:2:"36";s:9:"talla_sup";s:2:"41";s:8:"comision";s:1:"7";s:10:"surtido_id";s:2:"10";s:9:"pedido_id";s:2:"31";s:7:"foto_id";s:2:"11";s:4:"tipo";s:14:"cajas_surtidas";s:14:"especificacion";s:55:"{"36":"1","37":"2","38":"4","39":"4","40":"2","41":"1"}";s:9:"proveedor";s:2:"95";s:7:"cliente";s:2:"92";s:15:"precio_unitario";d:8.5493000000000005655920176650397479534149169921875;s:8:"unidades";s:2:"14";s:6:"bultos";s:1:"2";s:3:"tim";O:8:"stdClass":2:{s:4:"type";s:10:"expression";s:5:"value";s:5:"NOW()";}}'),
(62, 6, 32, 7, 36, 41, '{"36":"1","37":"2","38":"4","39":"4","40":"2","41":"1"}', NULL, 14, 5.50, NULL, 93, '92', 'cajas_surtidas', 10, '2014-03-20 12:13:56', 1, 'a:14:{s:9:"talla_inf";s:2:"36";s:9:"talla_sup";s:2:"41";s:8:"comision";s:2:"10";s:10:"surtido_id";s:1:"6";s:9:"pedido_id";s:2:"32";s:7:"foto_id";s:1:"7";s:4:"tipo";s:14:"cajas_surtidas";s:14:"especificacion";s:55:"{"36":"1","37":"2","38":"4","39":"4","40":"2","41":"1"}";s:9:"proveedor";s:2:"93";s:7:"cliente";s:2:"92";s:15:"precio_unitario";d:5.5;s:8:"unidades";s:2:"14";s:6:"bultos";s:1:"1";s:3:"tim";O:8:"stdClass":2:{s:4:"type";s:10:"expression";s:5:"value";s:5:"NOW()";}}'),
(63, 9, 32, 10, 36, 41, '{"36":"1","38":"1","39":"1"}', NULL, 3, 11.00, NULL, 93, '92', 'surtido_libre', 10, '2014-03-20 12:14:33', 1, 'a:14:{s:9:"talla_inf";s:2:"36";s:9:"talla_sup";s:2:"41";s:8:"comision";s:2:"10";s:10:"surtido_id";s:1:"9";s:9:"pedido_id";s:2:"32";s:7:"foto_id";s:2:"10";s:4:"tipo";s:13:"surtido_libre";s:14:"especificacion";s:28:"{"36":"1","38":"1","39":"1"}";s:9:"proveedor";s:2:"93";s:7:"cliente";s:2:"92";s:15:"precio_unitario";i:11;s:8:"unidades";i:3;s:6:"bultos";d:1;s:3:"tim";O:8:"stdClass":2:{s:4:"type";s:10:"expression";s:5:"value";s:5:"NOW()";}}'),
(64, 8, 32, 9, 36, 42, '{"36":"1","37":"2","38":"3","39":"4","40":"1","41":"1","42":"1"}', NULL, 13, 3.85, NULL, 93, '92', 'cajas_surtidas', 10, '2014-03-24 15:00:07', 3, 'a:14:{s:9:"talla_inf";s:2:"36";s:9:"talla_sup";s:2:"42";s:8:"comision";s:2:"10";s:10:"surtido_id";s:1:"8";s:9:"pedido_id";s:2:"32";s:7:"foto_id";s:1:"9";s:4:"tipo";s:14:"cajas_surtidas";s:14:"especificacion";s:64:"{"36":"1","37":"2","38":"3","39":"4","40":"1","41":"1","42":"1"}";s:9:"proveedor";s:2:"93";s:7:"cliente";s:2:"92";s:15:"precio_unitario";d:3.850000000000000088817841970012523233890533447265625;s:8:"unidades";s:2:"13";s:6:"bultos";s:1:"3";s:3:"tim";O:8:"stdClass":2:{s:4:"type";s:10:"expression";s:5:"value";s:5:"NOW()";}}'),
(65, 22, 33, 18, 22, 33, '{"26":"3","27":"3"}', NULL, 6, 12.10, NULL, 89, '98', 'surtido_libre', 10, '2014-03-24 19:33:40', 1, 'a:14:{s:9:"talla_inf";s:2:"22";s:9:"talla_sup";s:2:"33";s:8:"comision";s:2:"10";s:10:"surtido_id";s:2:"22";s:9:"pedido_id";s:2:"33";s:7:"foto_id";s:2:"18";s:4:"tipo";s:13:"surtido_libre";s:14:"especificacion";s:19:"{"26":"3","27":"3"}";s:9:"proveedor";s:2:"89";s:7:"cliente";s:2:"98";s:15:"precio_unitario";d:12.0999999999999996447286321199499070644378662109375;s:8:"unidades";i:6;s:6:"bultos";d:1;s:3:"tim";O:8:"stdClass":2:{s:4:"type";s:10:"expression";s:5:"value";s:5:"NOW()";}}'),
(66, 6, 34, 7, 36, 41, '{"36":"1","37":"2","38":"4","39":"4","40":"2","41":"1"}', NULL, 14, 5.50, NULL, 93, '98', 'cajas_surtidas', 10, '2014-03-24 19:36:14', 1, 'a:14:{s:9:"talla_inf";s:2:"36";s:9:"talla_sup";s:2:"41";s:8:"comision";s:2:"10";s:10:"surtido_id";s:1:"6";s:9:"pedido_id";s:2:"34";s:7:"foto_id";s:1:"7";s:4:"tipo";s:14:"cajas_surtidas";s:14:"especificacion";s:55:"{"36":"1","37":"2","38":"4","39":"4","40":"2","41":"1"}";s:9:"proveedor";s:2:"93";s:7:"cliente";s:2:"98";s:15:"precio_unitario";d:5.5;s:8:"unidades";s:2:"14";s:6:"bultos";s:1:"1";s:3:"tim";O:8:"stdClass":2:{s:4:"type";s:10:"expression";s:5:"value";s:5:"NOW()";}}'),
(67, 19, 33, 19, 41, 45, '{"41":"2","42":"2","43":"2","44":"2","45":"2"}', NULL, 10, 25.30, NULL, 89, '98', 'cajas_surtidas', 10, '2014-03-24 19:37:37', 7, 'a:14:{s:9:"talla_inf";s:2:"41";s:9:"talla_sup";s:2:"45";s:8:"comision";s:2:"10";s:10:"surtido_id";s:2:"19";s:9:"pedido_id";s:2:"33";s:7:"foto_id";s:2:"19";s:4:"tipo";s:14:"cajas_surtidas";s:14:"especificacion";s:46:"{"41":"2","42":"2","43":"2","44":"2","45":"2"}";s:9:"proveedor";s:2:"89";s:7:"cliente";s:2:"98";s:15:"precio_unitario";d:25.300000000000000710542735760100185871124267578125;s:8:"unidades";s:2:"10";s:6:"bultos";s:1:"7";s:3:"tim";O:8:"stdClass":2:{s:4:"type";s:10:"expression";s:5:"value";s:5:"NOW()";}}'),
(68, 35, 34, 41, 36, 41, '{"36":"1","37":"2","38":"3","39":"3","40":"2","41":"1"}', NULL, 12, 6.05, NULL, 93, '98', 'cajas_surtidas', 10, '2014-03-24 19:38:38', 2, 'a:14:{s:9:"talla_inf";s:2:"36";s:9:"talla_sup";s:2:"41";s:8:"comision";s:2:"10";s:10:"surtido_id";s:2:"35";s:9:"pedido_id";s:2:"34";s:7:"foto_id";s:2:"41";s:4:"tipo";s:14:"cajas_surtidas";s:14:"especificacion";s:55:"{"36":"1","37":"2","38":"3","39":"3","40":"2","41":"1"}";s:9:"proveedor";s:2:"93";s:7:"cliente";s:2:"98";s:15:"precio_unitario";d:6.04999999999999982236431605997495353221893310546875;s:8:"unidades";s:2:"12";s:6:"bultos";s:1:"2";s:3:"tim";O:8:"stdClass":2:{s:4:"type";s:10:"expression";s:5:"value";s:5:"NOW()";}}'),
(69, 34, 35, 40, 36, 41, '{"36":"1","37":"2","38":"4","39":"4","40":"2","41":"1"}', NULL, 14, 6.05, NULL, 93, '92', 'cajas_surtidas', 10, '2014-03-25 11:36:32', 1, 'a:14:{s:9:"talla_inf";s:2:"36";s:9:"talla_sup";s:2:"41";s:8:"comision";s:2:"10";s:10:"surtido_id";s:2:"34";s:9:"pedido_id";s:2:"35";s:7:"foto_id";s:2:"40";s:4:"tipo";s:14:"cajas_surtidas";s:14:"especificacion";s:55:"{"36":"1","37":"2","38":"4","39":"4","40":"2","41":"1"}";s:9:"proveedor";s:2:"93";s:7:"cliente";s:2:"92";s:15:"precio_unitario";d:6.04999999999999982236431605997495353221893310546875;s:8:"unidades";s:2:"14";s:6:"bultos";s:1:"1";s:3:"tim";O:8:"stdClass":2:{s:4:"type";s:10:"expression";s:5:"value";s:5:"NOW()";}}'),
(70, 35, 35, 39, 36, 41, '{"36":"1","37":"2","38":"3","39":"3","40":"2","41":"1"}', NULL, 12, 6.05, NULL, 93, '92', 'cajas_surtidas', 10, '2014-03-25 11:36:51', 1, 'a:14:{s:9:"talla_inf";s:2:"36";s:9:"talla_sup";s:2:"41";s:8:"comision";s:2:"10";s:10:"surtido_id";s:2:"35";s:9:"pedido_id";s:2:"35";s:7:"foto_id";s:2:"39";s:4:"tipo";s:14:"cajas_surtidas";s:14:"especificacion";s:55:"{"36":"1","37":"2","38":"3","39":"3","40":"2","41":"1"}";s:9:"proveedor";s:2:"93";s:7:"cliente";s:2:"92";s:15:"precio_unitario";d:6.04999999999999982236431605997495353221893310546875;s:8:"unidades";s:2:"12";s:6:"bultos";s:1:"1";s:3:"tim";O:8:"stdClass":2:{s:4:"type";s:10:"expression";s:5:"value";s:5:"NOW()";}}'),
(71, 34, 35, 41, 36, 41, '{"36":"1","37":"2","38":"4","39":"4","40":"2","41":"1"}', NULL, 14, 6.05, NULL, 93, '92', 'cajas_surtidas', 10, '2014-03-25 11:37:07', 1, 'a:14:{s:9:"talla_inf";s:2:"36";s:9:"talla_sup";s:2:"41";s:8:"comision";s:2:"10";s:10:"surtido_id";s:2:"34";s:9:"pedido_id";s:2:"35";s:7:"foto_id";s:2:"41";s:4:"tipo";s:14:"cajas_surtidas";s:14:"especificacion";s:55:"{"36":"1","37":"2","38":"4","39":"4","40":"2","41":"1"}";s:9:"proveedor";s:2:"93";s:7:"cliente";s:2:"92";s:15:"precio_unitario";d:6.04999999999999982236431605997495353221893310546875;s:8:"unidades";s:2:"14";s:6:"bultos";s:1:"1";s:3:"tim";O:8:"stdClass":2:{s:4:"type";s:10:"expression";s:5:"value";s:5:"NOW()";}}'),
(72, 35, 35, 38, 36, 41, '{"36":"1","37":"2","38":"3","39":"3","40":"2","41":"1"}', NULL, 12, 6.05, NULL, 93, '92', 'cajas_surtidas', 10, '2014-03-25 11:37:22', 2, 'a:14:{s:9:"talla_inf";s:2:"36";s:9:"talla_sup";s:2:"41";s:8:"comision";s:2:"10";s:10:"surtido_id";s:2:"35";s:9:"pedido_id";s:2:"35";s:7:"foto_id";s:2:"38";s:4:"tipo";s:14:"cajas_surtidas";s:14:"especificacion";s:55:"{"36":"1","37":"2","38":"3","39":"3","40":"2","41":"1"}";s:9:"proveedor";s:2:"93";s:7:"cliente";s:2:"92";s:15:"precio_unitario";d:6.04999999999999982236431605997495353221893310546875;s:8:"unidades";s:2:"12";s:6:"bultos";s:1:"2";s:3:"tim";O:8:"stdClass":2:{s:4:"type";s:10:"expression";s:5:"value";s:5:"NOW()";}}'),
(73, 34, 36, 41, 36, 41, '{"36":"1","37":"2","38":"4","39":"4","40":"2","41":"1"}', NULL, 14, 6.05, NULL, 93, '92', 'cajas_surtidas', 10, '2014-03-26 11:59:06', 1, 'a:14:{s:9:"talla_inf";s:2:"36";s:9:"talla_sup";s:2:"41";s:8:"comision";s:2:"10";s:10:"surtido_id";s:2:"34";s:9:"pedido_id";s:2:"36";s:7:"foto_id";s:2:"41";s:4:"tipo";s:14:"cajas_surtidas";s:14:"especificacion";s:55:"{"36":"1","37":"2","38":"4","39":"4","40":"2","41":"1"}";s:9:"proveedor";s:2:"93";s:7:"cliente";s:2:"92";s:15:"precio_unitario";d:6.04999999999999982236431605997495353221893310546875;s:8:"unidades";s:2:"14";s:6:"bultos";s:1:"1";s:3:"tim";O:8:"stdClass":2:{s:4:"type";s:10:"expression";s:5:"value";s:5:"NOW()";}}'),
(74, 34, 36, 38, 36, 41, '{"36":"1","37":"2","38":"4","39":"4","40":"2","41":"1"}', NULL, 14, 6.05, NULL, 93, '92', 'cajas_surtidas', 10, '2014-03-26 12:00:07', 1, 'a:14:{s:9:"talla_inf";s:2:"36";s:9:"talla_sup";s:2:"41";s:8:"comision";s:2:"10";s:10:"surtido_id";s:2:"34";s:9:"pedido_id";s:2:"36";s:7:"foto_id";s:2:"38";s:4:"tipo";s:14:"cajas_surtidas";s:14:"especificacion";s:55:"{"36":"1","37":"2","38":"4","39":"4","40":"2","41":"1"}";s:9:"proveedor";s:2:"93";s:7:"cliente";s:2:"92";s:15:"precio_unitario";d:6.04999999999999982236431605997495353221893310546875;s:8:"unidades";s:2:"14";s:6:"bultos";s:1:"1";s:3:"tim";O:8:"stdClass":2:{s:4:"type";s:10:"expression";s:5:"value";s:5:"NOW()";}}'),
(75, 35, 36, 40, 36, 41, '{"36":"1","37":"2","38":"3","39":"3","40":"2","41":"1"}', NULL, 12, 6.05, NULL, 93, '92', 'cajas_surtidas', 10, '2014-03-26 12:00:27', 1, 'a:14:{s:9:"talla_inf";s:2:"36";s:9:"talla_sup";s:2:"41";s:8:"comision";s:2:"10";s:10:"surtido_id";s:2:"35";s:9:"pedido_id";s:2:"36";s:7:"foto_id";s:2:"40";s:4:"tipo";s:14:"cajas_surtidas";s:14:"especificacion";s:55:"{"36":"1","37":"2","38":"3","39":"3","40":"2","41":"1"}";s:9:"proveedor";s:2:"93";s:7:"cliente";s:2:"92";s:15:"precio_unitario";d:6.04999999999999982236431605997495353221893310546875;s:8:"unidades";s:2:"12";s:6:"bultos";s:1:"1";s:3:"tim";O:8:"stdClass":2:{s:4:"type";s:10:"expression";s:5:"value";s:5:"NOW()";}}'),
(76, 9, 36, 10, 36, 41, '{"36":"1","37":"1","38":"1"}', NULL, 3, 11.00, NULL, 93, '92', 'surtido_libre', 10, '2014-03-26 12:01:41', 1, 'a:14:{s:9:"talla_inf";s:2:"36";s:9:"talla_sup";s:2:"41";s:8:"comision";s:2:"10";s:10:"surtido_id";s:1:"9";s:9:"pedido_id";s:2:"36";s:7:"foto_id";s:2:"10";s:4:"tipo";s:13:"surtido_libre";s:14:"especificacion";s:28:"{"36":"1","37":"1","38":"1"}";s:9:"proveedor";s:2:"93";s:7:"cliente";s:2:"92";s:15:"precio_unitario";i:11;s:8:"unidades";i:3;s:6:"bultos";d:1;s:3:"tim";O:8:"stdClass":2:{s:4:"type";s:10:"expression";s:5:"value";s:5:"NOW()";}}'),
(77, 34, 37, 41, 36, 41, '{"36":"1","37":"2","38":"4","39":"4","40":"2","41":"1"}', NULL, 14, 6.05, NULL, 93, '102', 'cajas_surtidas', 10, '2014-04-02 16:50:54', 2, 'a:14:{s:9:"talla_inf";s:2:"36";s:9:"talla_sup";s:2:"41";s:8:"comision";s:2:"10";s:10:"surtido_id";s:2:"34";s:9:"pedido_id";s:2:"37";s:7:"foto_id";s:2:"41";s:4:"tipo";s:14:"cajas_surtidas";s:14:"especificacion";s:55:"{"36":"1","37":"2","38":"4","39":"4","40":"2","41":"1"}";s:9:"proveedor";s:2:"93";s:7:"cliente";s:3:"102";s:15:"precio_unitario";d:6.04999999999999982236431605997495353221893310546875;s:8:"unidades";s:2:"14";s:6:"bultos";s:1:"2";s:3:"tim";O:8:"stdClass":2:{s:4:"type";s:10:"expression";s:5:"value";s:5:"NOW()";}}'),
(78, 34, 37, 38, 36, 41, '{"36":"1","37":"2","38":"4","39":"4","40":"2","41":"1"}', NULL, 14, 6.05, NULL, 93, '102', 'cajas_surtidas', 10, '2014-04-04 12:12:44', 5, 'a:14:{s:9:"talla_inf";s:2:"36";s:9:"talla_sup";s:2:"41";s:8:"comision";s:2:"10";s:10:"surtido_id";s:2:"34";s:9:"pedido_id";s:2:"37";s:7:"foto_id";s:2:"38";s:4:"tipo";s:14:"cajas_surtidas";s:14:"especificacion";s:55:"{"36":"1","37":"2","38":"4","39":"4","40":"2","41":"1"}";s:9:"proveedor";s:2:"93";s:7:"cliente";s:3:"102";s:15:"precio_unitario";d:6.04999999999999982236431605997495353221893310546875;s:8:"unidades";s:2:"14";s:6:"bultos";s:1:"5";s:3:"tim";O:8:"stdClass":2:{s:4:"type";s:10:"expression";s:5:"value";s:5:"NOW()";}}'),
(79, 19, 38, 19, 41, 45, '{"41":"2","42":"2","43":"2","44":"2","45":"2"}', NULL, 10, 25.30, NULL, 89, '106', 'cajas_surtidas', 10, '2014-04-21 17:05:15', 5, 'a:14:{s:9:"talla_inf";s:2:"41";s:9:"talla_sup";s:2:"45";s:8:"comision";s:2:"10";s:10:"surtido_id";s:2:"19";s:9:"pedido_id";s:2:"38";s:7:"foto_id";s:2:"19";s:4:"tipo";s:14:"cajas_surtidas";s:14:"especificacion";s:46:"{"41":"2","42":"2","43":"2","44":"2","45":"2"}";s:9:"proveedor";s:2:"89";s:7:"cliente";s:3:"106";s:15:"precio_unitario";d:25.300000000000000710542735760100185871124267578125;s:8:"unidades";s:2:"10";s:6:"bultos";s:1:"5";s:3:"tim";O:8:"stdClass":2:{s:4:"type";s:10:"expression";s:5:"value";s:5:"NOW()";}}');

-- --------------------------------------------------------

--
-- Estructura de tabla para la tabla `basureros`
--

CREATE TABLE IF NOT EXISTS `basureros` (
  `id` int(11) NOT NULL AUTO_INCREMENT,
  `tipo` varchar(20) DEFAULT NULL,
  `datos` text,
  `borrador` int(11) DEFAULT NULL,
  PRIMARY KEY (`id`)
) ENGINE=InnoDB  DEFAULT CHARSET=latin1 AUTO_INCREMENT=15 ;

--
-- Volcado de datos para la tabla `basureros`
--

INSERT INTO `basureros` (`id`, `tipo`, `datos`, `borrador`) VALUES
(1, 'proveedor', 'a:5:{s:7:"Usuario";a:40:{s:2:"id";s:3:"104";s:10:"regione_id";N;s:3:"rol";s:10:"transporte";s:5:"title";s:18:"transportes marcos";s:15:"tipo_de_negocio";s:13:"transportista";s:16:"persona_contacto";s:8:"yo mismo";s:5:"email";s:19:"marcosdr82@gmail.om";s:8:"password";N;s:3:"cif";s:8:"43243243";s:9:"direccion";s:11:"calle sol 1";s:13:"codigo_postal";N;s:3:"iva";N;s:2:"re";N;s:9:"impuestos";N;s:3:"fax";s:6:"432523";s:9:"telefonos";s:8:"54234234";s:3:"tim";s:19:"0000-00-00 00:00:00";s:10:"fecha_alta";N;s:6:"estado";s:1:"1";s:2:"ip";s:15:"109.157.140.140";s:11:"comentarios";N;s:10:"activecode";N;s:10:"mail_check";N;s:8:"comision";N;s:6:"portes";N;s:11:"serializado";N;s:10:"portes_txt";N;s:3:"img";N;s:7:"company";N;s:4:"name";N;s:7:"surname";N;s:4:"city";N;s:14:"countyprovince";N;s:10:"newsletter";N;s:7:"country";s:0:"";s:4:"dfac";N;s:4:"denv";N;s:6:"contra";N;s:10:"direccion2";N;s:4:"lang";N;}s:7:"Regione";a:3:{s:2:"id";N;s:10:"country_id";N;s:5:"title";N;}s:7:"Calsado";a:0:{}s:8:"Consulta";a:0:{}s:6:"Pedido";a:0:{}}', 1),
(2, 'proveedor', 'a:5:{s:7:"Usuario";a:40:{s:2:"id";s:2:"94";s:10:"regione_id";s:3:"641";s:3:"rol";s:9:"proveedor";s:5:"title";s:13:"Manufacturers";s:15:"tipo_de_negocio";s:12:"Manufacturer";s:16:"persona_contacto";s:14:"Fernando/Maria";s:5:"email";s:34:"manufacturers@spanishwholesale.com";s:8:"password";s:40:"1130f1e2c4199af9f87f863facbdd2ff92d81bda";s:3:"cif";s:8:"12324343";s:9:"direccion";s:10:"C/ Arizona";s:13:"codigo_postal";s:5:"30430";s:3:"iva";s:1:"1";s:2:"re";s:1:"0";s:9:"impuestos";s:1:"1";s:3:"fax";s:8:"23243453";s:9:"telefonos";s:8:"23234243";s:3:"tim";s:19:"0000-00-00 00:00:00";s:10:"fecha_alta";N;s:6:"estado";s:1:"1";s:2:"ip";s:13:"86.172.70.148";s:11:"comentarios";s:0:"";s:10:"activecode";N;s:10:"mail_check";N;s:8:"comision";s:1:"7";s:6:"portes";s:6:"bultos";s:11:"serializado";s:164:"YTo0OntzOjc6Im5jdWVudGEiO3M6OToiMTIxMzM0MzQzIjtzOjY6ImNzd2lmdCI7czoxMDoiU1dJRlQzNDM0MyI7czo0OiJJYmFuIjtzOjEwOiJJQkFONDM0MzQzIjtzOjU6ImJhbmNvIjtzOjY6IkMvIE9jYSI7fQ==";s:10:"portes_txt";s:6:"a:0:{}";s:3:"img";s:43:"52b04d4e5765d769074260MANUFACTURERSLOGO.jpg";s:7:"company";N;s:4:"name";N;s:7:"surname";N;s:4:"city";N;s:14:"countyprovince";N;s:10:"newsletter";N;s:7:"country";s:2:"28";s:4:"dfac";N;s:4:"denv";N;s:6:"contra";s:10:"sw1x2x3x4x";s:10:"direccion2";N;s:4:"lang";N;}s:7:"Regione";a:3:{s:2:"id";s:3:"641";s:10:"country_id";s:2:"28";s:5:"title";s:7:"Alacant";}s:7:"Calsado";a:1:{i:0;a:24:{s:2:"id";s:1:"3";s:12:"categoria_id";s:2:"43";s:4:"code";s:6:"KF4343";s:7:"tipo_id";s:2:"29";s:10:"subtipo_id";N;s:10:"usuario_id";s:2:"94";s:8:"material";s:6:"Textil";s:10:"country_id";s:2:"28";s:5:"marca";s:0:"";s:8:"activado";s:1:"1";s:3:"tim";s:19:"0000-00-00 00:00:00";s:5:"venta";N;s:5:"texto";s:71:"Fabricacion producto minima cantidad 1,000 pares. \r\nPrecio a consultar.";s:6:"precio";N;s:7:"poferta";N;s:9:"en_oferta";N;s:8:"servicio";s:3:"120";s:8:"title_en";N;s:8:"texto_en";N;s:5:"forro";s:6:"Textil";s:5:"suela";s:9:"Sintetico";s:4:"dele";s:1:"0";s:5:"fotos";s:1:"1";s:8:"surtidos";s:1:"1";}}s:8:"Consulta";a:0:{}s:6:"Pedido";a:0:{}}', 1),
(3, 'cliente', 'a:5:{s:7:"Usuario";a:40:{s:2:"id";s:2:"88";s:10:"regione_id";N;s:3:"rol";s:7:"cliente";s:5:"title";s:15:"Fernando Santos";s:15:"tipo_de_negocio";s:7:"cliente";s:16:"persona_contacto";s:7:"cliente";s:5:"email";s:16:"fsg1971@live.com";s:8:"password";s:40:"c93b7bc4d864c2afeb61d8a111c68e80f62eff33";s:3:"cif";s:9:"xxxxxxxxx";s:9:"direccion";s:18:"Jose de Andres 16 ";s:13:"codigo_postal";s:5:"28280";s:3:"iva";s:1:"1";s:2:"re";s:1:"0";s:9:"impuestos";s:1:"1";s:3:"fax";s:0:"";s:9:"telefonos";s:9:"639571578";s:3:"tim";s:19:"0000-00-00 00:00:00";s:10:"fecha_alta";N;s:6:"estado";s:1:"1";s:2:"ip";s:13:"77.230.54.199";s:11:"comentarios";s:7:"pruebas";s:10:"activecode";s:29:"confirm52a9f04421b84014960858";s:10:"mail_check";s:1:"1";s:8:"comision";N;s:6:"portes";N;s:11:"serializado";N;s:10:"portes_txt";N;s:3:"img";N;s:7:"company";s:15:"Fernando Santos";s:4:"name";s:8:"Fernando";s:7:"surname";s:6:"Santos";s:4:"city";s:6:"Madrid";s:14:"countyprovince";s:6:"Madrid";s:10:"newsletter";s:1:"0";s:7:"country";s:5:"Spain";s:4:"dfac";s:0:"";s:4:"denv";s:0:"";s:6:"contra";s:7:"7777777";s:10:"direccion2";s:11:"El escorial";s:4:"lang";N;}s:7:"Regione";a:3:{s:2:"id";N;s:10:"country_id";N;s:5:"title";N;}s:7:"Calsado";a:0:{}s:8:"Consulta";a:0:{}s:6:"Pedido";a:5:{i:0;a:26:{s:2:"id";s:1:"1";s:10:"usuario_id";s:2:"88";s:2:"re";s:1:"0";s:3:"iva";s:1:"1";s:10:"di_factura";s:30:"  calle               hhhhhhh ";s:8:"di_envio";s:4:"vaaa";s:11:"comentarios";N;s:10:"confirmado";s:1:"1";s:19:"esperando_mercancia";s:1:"0";s:7:"enviado";s:1:"1";s:7:"anulado";s:1:"0";s:3:"tim";s:19:"2013-12-13 13:39:54";s:10:"forma_pago";N;s:12:"fecha_salida";s:10:"14/12/2013";s:15:"causa_anulacion";N;s:9:"proveedor";s:2:"89";s:10:"transporte";N;s:18:"empresa_transporte";s:2:"87";s:6:"portes";s:5:"75.00";s:6:"resave";s:4:"5.20";s:7:"ivasave";s:5:"21.00";s:6:"estado";s:1:"1";s:6:"pagado";s:1:"1";s:11:"existencias";N;s:8:"revisado";s:1:"1";s:7:"mensaje";s:1:"0";}i:1;a:26:{s:2:"id";s:1:"5";s:10:"usuario_id";s:2:"88";s:2:"re";s:1:"0";s:3:"iva";s:1:"1";s:10:"di_factura";s:18:"                  ";s:8:"di_envio";s:0:"";s:11:"comentarios";N;s:10:"confirmado";s:1:"1";s:19:"esperando_mercancia";s:1:"0";s:7:"enviado";s:1:"0";s:7:"anulado";s:1:"0";s:3:"tim";s:19:"2014-01-10 10:36:47";s:10:"forma_pago";N;s:12:"fecha_salida";N;s:15:"causa_anulacion";N;s:9:"proveedor";s:2:"89";s:10:"transporte";N;s:18:"empresa_transporte";N;s:6:"portes";N;s:6:"resave";s:4:"0.00";s:7:"ivasave";s:5:"21.00";s:6:"estado";s:1:"0";s:6:"pagado";s:1:"0";s:11:"existencias";s:1:"1";s:8:"revisado";s:1:"0";s:7:"mensaje";s:1:"0";}i:2;a:26:{s:2:"id";s:1:"6";s:10:"usuario_id";s:2:"88";s:2:"re";s:1:"0";s:3:"iva";s:1:"1";s:10:"di_factura";s:25:"        calle a          ";s:8:"di_envio";s:7:"calle b";s:11:"comentarios";N;s:10:"confirmado";s:1:"1";s:19:"esperando_mercancia";s:1:"1";s:7:"enviado";s:1:"1";s:7:"anulado";s:1:"1";s:3:"tim";s:19:"2014-01-10 12:25:00";s:10:"forma_pago";N;s:12:"fecha_salida";s:10:"02/01/2014";s:15:"causa_anulacion";s:4:"bien";s:9:"proveedor";s:2:"89";s:10:"transporte";N;s:18:"empresa_transporte";s:2:"87";s:6:"portes";N;s:6:"resave";s:4:"0.00";s:7:"ivasave";s:5:"21.00";s:6:"estado";s:1:"1";s:6:"pagado";s:1:"0";s:11:"existencias";N;s:8:"revisado";s:1:"0";s:7:"mensaje";s:1:"0";}i:3;a:26:{s:2:"id";s:1:"9";s:10:"usuario_id";s:2:"88";s:2:"re";s:1:"0";s:3:"iva";s:1:"1";s:10:"di_factura";s:18:"                  ";s:8:"di_envio";s:0:"";s:11:"comentarios";N;s:10:"confirmado";s:1:"1";s:19:"esperando_mercancia";s:1:"0";s:7:"enviado";s:1:"0";s:7:"anulado";s:1:"0";s:3:"tim";s:19:"2014-01-13 18:49:26";s:10:"forma_pago";N;s:12:"fecha_salida";N;s:15:"causa_anulacion";N;s:9:"proveedor";s:2:"95";s:10:"transporte";N;s:18:"empresa_transporte";N;s:6:"portes";N;s:6:"resave";s:4:"0.00";s:7:"ivasave";s:5:"21.00";s:6:"estado";s:1:"0";s:6:"pagado";s:1:"0";s:11:"existencias";N;s:8:"revisado";s:1:"0";s:7:"mensaje";s:1:"0";}i:4;a:26:{s:2:"id";s:2:"10";s:10:"usuario_id";s:2:"88";s:2:"re";s:1:"0";s:3:"iva";s:1:"1";s:10:"di_factura";s:21:" sss                 ";s:8:"di_envio";s:4:"ssss";s:11:"comentarios";N;s:10:"confirmado";s:1:"1";s:19:"esperando_mercancia";s:1:"0";s:7:"enviado";s:1:"0";s:7:"anulado";s:1:"0";s:3:"tim";s:19:"2014-02-04 18:10:49";s:10:"forma_pago";N;s:12:"fecha_salida";N;s:15:"causa_anulacion";N;s:9:"proveedor";s:2:"89";s:10:"transporte";N;s:18:"empresa_transporte";N;s:6:"portes";s:5:"75.00";s:6:"resave";s:4:"5.20";s:7:"ivasave";s:5:"21.00";s:6:"estado";s:1:"0";s:6:"pagado";s:1:"0";s:11:"existencias";N;s:8:"revisado";s:1:"1";s:7:"mensaje";s:1:"0";}}}', 1),
(4, 'cliente', 'a:5:{s:7:"Usuario";a:41:{s:2:"id";s:3:"100";s:10:"regione_id";N;s:3:"rol";s:7:"cliente";s:5:"title";s:13:"manolo garcia";s:15:"tipo_de_negocio";s:7:"cliente";s:16:"persona_contacto";s:7:"cliente";s:5:"email";s:20:"marcosdr82@gmail.com";s:8:"password";s:40:"4745aaab0166f041a0405b8308487c270c315703";s:3:"cif";N;s:9:"direccion";N;s:13:"codigo_postal";s:5:"28017";s:3:"iva";s:1:"1";s:2:"re";s:1:"0";s:9:"impuestos";s:1:"1";s:3:"fax";s:0:"";s:9:"telefonos";s:6:"323233";s:3:"tim";s:19:"2014-02-18 21:22:18";s:10:"fecha_alta";N;s:6:"estado";s:1:"0";s:2:"ip";s:13:"92.251.73.184";s:11:"comentarios";N;s:10:"activecode";s:29:"confirm5303c0fa7a94e424119918";s:10:"mail_check";s:1:"1";s:8:"comision";N;s:6:"portes";N;s:11:"serializado";N;s:10:"portes_txt";N;s:3:"img";N;s:7:"company";s:11:"decimo arte";s:4:"name";s:6:"manolo";s:7:"surname";s:6:"garcia";s:4:"city";s:6:"madrid";s:14:"countyprovince";N;s:10:"newsletter";s:1:"0";s:7:"country";s:6:"madrid";s:4:"dfac";s:16:"delivery address";s:4:"denv";s:16:"delivery address";s:6:"contra";s:6:"123456";s:10:"direccion2";N;s:3:"nit";s:9:"321312312";s:4:"lang";N;}s:7:"Regione";a:3:{s:2:"id";N;s:10:"country_id";N;s:5:"title";N;}s:7:"Calsado";a:0:{}s:8:"Consulta";a:0:{}s:6:"Pedido";a:0:{}}', 1),
(5, 'cliente', 'a:5:{s:7:"Usuario";a:41:{s:2:"id";s:2:"90";s:10:"regione_id";N;s:3:"rol";s:7:"cliente";s:5:"title";s:21:"marcos Marcos del rey";s:15:"tipo_de_negocio";s:7:"cliente";s:16:"persona_contacto";s:7:"cliente";s:5:"email";s:19:"marcosdr82@gmail.om";s:8:"password";s:40:"4745aaab0166f041a0405b8308487c270c315703";s:3:"cif";s:0:"";s:9:"direccion";s:16:"jose luis arrese";s:13:"codigo_postal";s:5:"28017";s:3:"iva";s:1:"1";s:2:"re";s:1:"0";s:9:"impuestos";s:1:"1";s:3:"fax";s:0:"";s:9:"telefonos";s:9:"651825830";s:3:"tim";s:19:"0000-00-00 00:00:00";s:10:"fecha_alta";N;s:6:"estado";s:1:"1";s:2:"ip";s:13:"92.251.73.184";s:11:"comentarios";s:0:"";s:10:"activecode";s:29:"confirm52ae0a911c67c729946055";s:10:"mail_check";s:1:"0";s:8:"comision";N;s:6:"portes";N;s:11:"serializado";N;s:10:"portes_txt";N;s:3:"img";N;s:7:"company";s:10:"marcos web";s:4:"name";s:6:"marcos";s:7:"surname";s:14:"Marcos del rey";s:4:"city";s:6:"Madrid";s:14:"countyprovince";s:0:"";s:10:"newsletter";s:1:"0";s:7:"country";s:7:"Espa침a";s:4:"dfac";s:0:"";s:4:"denv";s:0:"";s:6:"contra";s:6:"123456";s:10:"direccion2";s:0:"";s:3:"nit";N;s:4:"lang";N;}s:7:"Regione";a:3:{s:2:"id";N;s:10:"country_id";N;s:5:"title";N;}s:7:"Calsado";a:0:{}s:8:"Consulta";a:0:{}s:6:"Pedido";a:0:{}}', 1),
(6, 'cliente', 'a:5:{s:7:"Usuario";a:41:{s:2:"id";s:3:"101";s:10:"regione_id";N;s:3:"rol";s:7:"cliente";s:5:"title";s:14:"marcos del rey";s:15:"tipo_de_negocio";s:7:"cliente";s:16:"persona_contacto";s:7:"cliente";s:5:"email";s:20:"marcosdr82@gmail.com";s:8:"password";s:40:"4745aaab0166f041a0405b8308487c270c315703";s:3:"cif";N;s:9:"direccion";N;s:13:"codigo_postal";s:6:"281017";s:3:"iva";s:1:"1";s:2:"re";s:1:"0";s:9:"impuestos";s:1:"1";s:3:"fax";s:0:"";s:9:"telefonos";s:9:"654365465";s:3:"tim";s:19:"2014-02-18 21:29:05";s:10:"fecha_alta";N;s:6:"estado";s:1:"0";s:2:"ip";s:13:"92.251.73.184";s:11:"comentarios";N;s:10:"activecode";s:29:"confirm5303c291cd631154765747";s:10:"mail_check";s:1:"0";s:8:"comision";N;s:6:"portes";N;s:11:"serializado";N;s:10:"portes_txt";N;s:3:"img";N;s:7:"company";s:10:"decimoarte";s:4:"name";s:6:"marcos";s:7:"surname";s:7:"del rey";s:4:"city";s:6:"madrid";s:14:"countyprovince";N;s:10:"newsletter";s:1:"0";s:7:"country";s:6:"madrid";s:4:"dfac";s:16:"delivery address";s:4:"denv";s:16:"delivery address";s:6:"contra";s:6:"123456";s:10:"direccion2";N;s:3:"nit";s:9:"324234234";s:4:"lang";N;}s:7:"Regione";a:3:{s:2:"id";N;s:10:"country_id";N;s:5:"title";N;}s:7:"Calsado";a:0:{}s:8:"Consulta";a:0:{}s:6:"Pedido";a:0:{}}', 1),
(7, 'proveedor', 'a:5:{s:7:"Usuario";a:41:{s:2:"id";s:3:"104";s:10:"regione_id";s:3:"620";s:3:"rol";s:9:"proveedor";s:5:"title";s:16:"marcos_proovedor";s:15:"tipo_de_negocio";s:6:"232323";s:16:"persona_contacto";s:8:"yo mismo";s:5:"email";s:20:"marcosdr82@gmail.com";s:8:"password";s:40:"4745aaab0166f041a0405b8308487c270c315703";s:3:"cif";s:7:"2323323";s:9:"direccion";s:0:"";s:13:"codigo_postal";s:0:"";s:3:"iva";s:1:"1";s:2:"re";s:1:"0";s:9:"impuestos";s:1:"1";s:3:"fax";s:0:"";s:9:"telefonos";s:0:"";s:3:"tim";s:19:"0000-00-00 00:00:00";s:10:"fecha_alta";N;s:6:"estado";s:1:"1";s:2:"ip";s:13:"92.251.73.184";s:11:"comentarios";N;s:10:"activecode";N;s:10:"mail_check";N;s:8:"comision";N;s:6:"portes";s:6:"bultos";s:11:"serializado";s:112:"YTo0OntzOjc6Im5jdWVudGEiO3M6MDoiIjtzOjY6ImNzd2lmdCI7czowOiIiO3M6NDoiSWJhbiI7czowOiIiO3M6NToiYmFuY28iO3M6MDoiIjt9";s:10:"portes_txt";s:6:"a:0:{}";s:3:"img";s:9:"error.png";s:7:"company";N;s:4:"name";N;s:7:"surname";N;s:4:"city";N;s:14:"countyprovince";N;s:10:"newsletter";N;s:7:"country";s:2:"28";s:4:"dfac";N;s:4:"denv";N;s:6:"contra";s:6:"123456";s:10:"direccion2";N;s:3:"nit";N;s:4:"lang";N;}s:7:"Regione";a:3:{s:2:"id";s:3:"620";s:10:"country_id";s:2:"28";s:5:"title";s:12:"&Aacute;lava";}s:7:"Calsado";a:1:{i:0;a:24:{s:2:"id";s:2:"30";s:12:"categoria_id";s:2:"36";s:4:"code";s:6:"323232";s:7:"tipo_id";s:2:"26";s:10:"subtipo_id";s:1:"1";s:10:"usuario_id";s:3:"104";s:11:"material_id";s:1:"8";s:10:"country_id";s:2:"28";s:5:"marca";s:4:"nike";s:8:"activado";s:1:"1";s:3:"tim";s:19:"2014-02-25 20:07:46";s:5:"venta";N;s:5:"texto";s:0:"";s:6:"precio";N;s:7:"poferta";N;s:9:"en_oferta";N;s:8:"servicio";s:1:"0";s:8:"title_en";N;s:8:"texto_en";N;s:5:"forro";s:6:"rerere";s:5:"suela";s:0:"";s:4:"dele";s:1:"0";s:5:"fotos";s:1:"1";s:8:"surtidos";s:1:"1";}}s:8:"Consulta";a:0:{}s:6:"Pedido";a:0:{}}', 1),
(8, 'cliente', 'a:5:{s:7:"Usuario";a:41:{s:2:"id";s:2:"96";s:10:"regione_id";N;s:3:"rol";s:7:"cliente";s:5:"title";s:8:"ssss sss";s:15:"tipo_de_negocio";s:7:"cliente";s:16:"persona_contacto";s:7:"cliente";s:5:"email";s:18:"sedrfgt@hotmail.om";s:8:"password";s:40:"4745aaab0166f041a0405b8308487c270c315703";s:3:"cif";s:3:"111";s:9:"direccion";s:3:"111";s:13:"codigo_postal";s:3:"111";s:3:"iva";s:1:"1";s:2:"re";s:1:"0";s:9:"impuestos";s:1:"1";s:3:"fax";s:2:"11";s:9:"telefonos";s:3:"111";s:3:"tim";s:19:"0000-00-00 00:00:00";s:10:"fecha_alta";N;s:6:"estado";s:1:"0";s:2:"ip";s:13:"77.230.54.199";s:11:"comentarios";s:0:"";s:10:"activecode";s:29:"confirm52d67cda83b16976435152";s:10:"mail_check";s:1:"0";s:8:"comision";N;s:6:"portes";N;s:11:"serializado";N;s:10:"portes_txt";N;s:3:"img";N;s:7:"company";s:3:"sss";s:4:"name";s:4:"ssss";s:7:"surname";s:3:"sss";s:4:"city";s:3:"111";s:14:"countyprovince";s:3:"111";s:10:"newsletter";s:1:"0";s:7:"country";s:3:"111";s:4:"dfac";s:3:"111";s:4:"denv";s:3:"111";s:6:"contra";s:6:"123456";s:10:"direccion2";s:3:"111";s:3:"nit";N;s:4:"lang";N;}s:7:"Regione";a:3:{s:2:"id";N;s:10:"country_id";N;s:5:"title";N;}s:7:"Calsado";a:0:{}s:8:"Consulta";a:0:{}s:6:"Pedido";a:0:{}}', 1),
(9, 'cliente', 'a:5:{s:7:"Usuario";a:41:{s:2:"id";s:2:"91";s:10:"regione_id";N;s:3:"rol";s:7:"cliente";s:5:"title";s:13:"marcos marcos";s:15:"tipo_de_negocio";s:7:"cliente";s:16:"persona_contacto";s:7:"cliente";s:5:"email";s:25:"marcosmaniac8@hotmail.com";s:8:"password";s:40:"4745aaab0166f041a0405b8308487c270c315703";s:3:"cif";s:0:"";s:9:"direccion";s:19:"jose luis de arrese";s:13:"codigo_postal";s:5:"28017";s:3:"iva";s:1:"1";s:2:"re";s:1:"1";s:9:"impuestos";s:1:"2";s:3:"fax";s:0:"";s:9:"telefonos";s:9:"651825830";s:3:"tim";s:19:"2013-12-16 01:11:59";s:10:"fecha_alta";N;s:6:"estado";s:1:"1";s:2:"ip";s:13:"92.251.73.184";s:11:"comentarios";N;s:10:"activecode";s:29:"confirm52ae0d0f37d70102338981";s:10:"mail_check";s:1:"1";s:8:"comision";N;s:6:"portes";N;s:11:"serializado";N;s:10:"portes_txt";N;s:3:"img";N;s:7:"company";s:11:"decimo arte";s:4:"name";s:6:"marcos";s:7:"surname";s:6:"marcos";s:4:"city";s:6:"Madrid";s:14:"countyprovince";s:0:"";s:10:"newsletter";s:1:"0";s:7:"country";s:6:"Madrid";s:4:"dfac";s:0:"";s:4:"denv";s:0:"";s:6:"contra";s:6:"123456";s:10:"direccion2";s:0:"";s:3:"nit";N;s:4:"lang";N;}s:7:"Regione";a:3:{s:2:"id";N;s:10:"country_id";N;s:5:"title";N;}s:7:"Calsado";a:0:{}s:8:"Consulta";a:0:{}s:6:"Pedido";a:6:{i:0;a:26:{s:2:"id";s:1:"2";s:10:"usuario_id";s:2:"91";s:2:"re";s:1:"0";s:3:"iva";s:1:"1";s:10:"di_factura";s:49:"                  estos cuadros no son para mijjj";s:8:"di_envio";s:28:"estos cuadros no son para mi";s:11:"comentarios";N;s:10:"confirmado";s:1:"1";s:19:"esperando_mercancia";s:1:"1";s:7:"enviado";s:1:"1";s:7:"anulado";s:1:"1";s:3:"tim";s:19:"2013-12-16 01:15:54";s:10:"forma_pago";N;s:12:"fecha_salida";s:10:"14/12/2013";s:15:"causa_anulacion";s:4:"okkk";s:9:"proveedor";s:2:"89";s:10:"transporte";N;s:18:"empresa_transporte";s:2:"87";s:6:"portes";s:5:"10.00";s:6:"resave";s:4:"5.20";s:7:"ivasave";s:5:"21.00";s:6:"estado";s:1:"1";s:6:"pagado";s:1:"1";s:11:"existencias";s:1:"1";s:8:"revisado";s:1:"1";s:7:"mensaje";s:1:"0";}i:1;a:26:{s:2:"id";s:2:"14";s:10:"usuario_id";s:2:"91";s:2:"re";s:1:"1";s:3:"iva";s:1:"1";s:10:"di_factura";s:0:"";s:8:"di_envio";s:0:"";s:11:"comentarios";N;s:10:"confirmado";s:1:"1";s:19:"esperando_mercancia";s:1:"0";s:7:"enviado";s:1:"0";s:7:"anulado";s:1:"0";s:3:"tim";s:19:"2014-02-13 21:09:54";s:10:"forma_pago";N;s:12:"fecha_salida";N;s:15:"causa_anulacion";N;s:9:"proveedor";s:2:"93";s:10:"transporte";N;s:18:"empresa_transporte";N;s:6:"portes";s:6:"108.00";s:6:"resave";s:4:"5.20";s:7:"ivasave";s:5:"21.00";s:6:"estado";s:1:"0";s:6:"pagado";s:1:"0";s:11:"existencias";N;s:8:"revisado";s:1:"1";s:7:"mensaje";s:1:"0";}i:2;a:26:{s:2:"id";s:2:"15";s:10:"usuario_id";s:2:"91";s:2:"re";s:1:"1";s:3:"iva";s:1:"1";s:10:"di_factura";s:0:"";s:8:"di_envio";s:0:"";s:11:"comentarios";N;s:10:"confirmado";s:1:"1";s:19:"esperando_mercancia";s:1:"0";s:7:"enviado";s:1:"0";s:7:"anulado";s:1:"0";s:3:"tim";s:19:"2014-02-13 21:11:18";s:10:"forma_pago";N;s:12:"fecha_salida";N;s:15:"causa_anulacion";N;s:9:"proveedor";s:2:"89";s:10:"transporte";N;s:18:"empresa_transporte";N;s:6:"portes";s:5:"10.00";s:6:"resave";s:4:"5.20";s:7:"ivasave";s:5:"21.00";s:6:"estado";s:1:"0";s:6:"pagado";s:1:"0";s:11:"existencias";N;s:8:"revisado";s:1:"1";s:7:"mensaje";s:1:"0";}i:3;a:26:{s:2:"id";s:2:"16";s:10:"usuario_id";s:2:"91";s:2:"re";s:1:"1";s:3:"iva";s:1:"1";s:10:"di_factura";N;s:8:"di_envio";N;s:11:"comentarios";N;s:10:"confirmado";s:1:"0";s:19:"esperando_mercancia";s:1:"0";s:7:"enviado";s:1:"0";s:7:"anulado";s:1:"0";s:3:"tim";s:19:"2014-02-18 01:30:33";s:10:"forma_pago";N;s:12:"fecha_salida";N;s:15:"causa_anulacion";N;s:9:"proveedor";s:2:"93";s:10:"transporte";N;s:18:"empresa_transporte";N;s:6:"portes";N;s:6:"resave";s:4:"5.20";s:7:"ivasave";s:5:"21.00";s:6:"estado";s:1:"0";s:6:"pagado";s:1:"0";s:11:"existencias";N;s:8:"revisado";s:1:"0";s:7:"mensaje";s:1:"0";}i:4;a:26:{s:2:"id";s:2:"21";s:10:"usuario_id";s:2:"91";s:2:"re";s:1:"1";s:3:"iva";s:1:"1";s:10:"di_factura";s:0:"";s:8:"di_envio";s:0:"";s:11:"comentarios";N;s:10:"confirmado";s:1:"1";s:19:"esperando_mercancia";s:1:"0";s:7:"enviado";s:1:"0";s:7:"anulado";s:1:"0";s:3:"tim";s:19:"2014-02-25 20:11:01";s:10:"forma_pago";N;s:12:"fecha_salida";N;s:15:"causa_anulacion";N;s:9:"proveedor";s:3:"104";s:10:"transporte";N;s:18:"empresa_transporte";N;s:6:"portes";s:4:"0.00";s:6:"resave";s:4:"5.20";s:7:"ivasave";s:5:"21.00";s:6:"estado";s:1:"0";s:6:"pagado";s:1:"0";s:11:"existencias";N;s:8:"revisado";s:1:"1";s:7:"mensaje";s:1:"0";}i:5;a:26:{s:2:"id";s:2:"22";s:10:"usuario_id";s:2:"91";s:2:"re";s:1:"1";s:3:"iva";s:1:"1";s:10:"di_factura";N;s:8:"di_envio";N;s:11:"comentarios";N;s:10:"confirmado";s:1:"0";s:19:"esperando_mercancia";s:1:"0";s:7:"enviado";s:1:"0";s:7:"anulado";s:1:"0";s:3:"tim";s:19:"2014-02-25 20:20:51";s:10:"forma_pago";N;s:12:"fecha_salida";N;s:15:"causa_anulacion";N;s:9:"proveedor";s:2:"89";s:10:"transporte";N;s:18:"empresa_transporte";N;s:6:"portes";N;s:6:"resave";s:4:"5.20";s:7:"ivasave";s:5:"21.00";s:6:"estado";s:1:"0";s:6:"pagado";s:1:"0";s:11:"existencias";N;s:8:"revisado";s:1:"0";s:7:"mensaje";s:1:"0";}}}', 1),
(10, 'cliente', 'a:5:{s:7:"Usuario";a:41:{s:2:"id";s:2:"97";s:10:"regione_id";s:1:"1";s:3:"rol";s:7:"cliente";s:5:"title";s:42:"Jhonny Esteban Alvarez Villazante jhonnyes";s:15:"tipo_de_negocio";s:7:"cliente";s:16:"persona_contacto";s:7:"cliente";s:5:"email";s:22:"pruebaderobo@gmail.com";s:8:"password";s:40:"c74811ce6b6e115e937d5ebfc909329d88091590";s:3:"cif";s:0:"";s:9:"direccion";s:11:"Pacata Alta";s:13:"codigo_postal";s:9:"123456789";s:3:"iva";s:1:"0";s:2:"re";s:1:"0";s:9:"impuestos";s:1:"0";s:3:"fax";s:0:"";s:9:"telefonos";s:8:"79715012";s:3:"tim";s:19:"0000-00-00 00:00:00";s:10:"fecha_alta";s:10:"2014-04-16";s:6:"estado";s:1:"1";s:2:"ip";s:15:"212.230.161.100";s:11:"comentarios";s:0:"";s:10:"activecode";s:29:"confirm52d7d90619f9f043795983";s:10:"mail_check";s:1:"1";s:8:"comision";N;s:6:"portes";N;s:11:"serializado";N;s:10:"portes_txt";N;s:3:"img";N;s:7:"company";s:8:"Sysdecom";s:4:"name";s:33:"Jhonny Esteban Alvarez Villazante";s:7:"surname";s:8:"jhonnyes";s:4:"city";s:10:"Cochabamba";s:14:"countyprovince";s:0:"";s:10:"newsletter";s:1:"0";s:7:"country";s:7:"Bolivia";s:4:"dfac";s:0:"";s:4:"denv";s:0:"";s:6:"contra";s:12:"nomaspruebas";s:10:"direccion2";s:0:"";s:3:"nit";N;s:4:"lang";N;}s:7:"Regione";a:3:{s:2:"id";s:1:"1";s:10:"country_id";s:1:"3";s:5:"title";s:10:"Azerbaijan";}s:7:"Calsado";a:0:{}s:8:"Consulta";a:2:{i:0;a:9:{s:2:"id";s:1:"3";s:10:"usuario_id";s:2:"97";s:15:"usuario_prov_id";s:3:"103";s:10:"calsado_id";s:2:"25";s:8:"consulta";s:47:"hola amigo quiero preguntar sobre este producto";s:8:"revisado";s:1:"1";s:14:"usuario_delete";s:1:"1";s:16:"proveedor_delete";s:1:"0";s:3:"tim";s:19:"2014-03-02 18:04:10";}i:1;a:9:{s:2:"id";s:1:"4";s:10:"usuario_id";s:2:"97";s:15:"usuario_prov_id";s:3:"103";s:10:"calsado_id";s:2:"25";s:8:"consulta";s:34:"si quiero saber como es que cuenta";s:8:"revisado";s:1:"1";s:14:"usuario_delete";s:1:"1";s:16:"proveedor_delete";s:1:"1";s:3:"tim";s:19:"2014-03-02 18:04:38";}}s:6:"Pedido";a:1:{i:0;a:26:{s:2:"id";s:2:"24";s:10:"usuario_id";s:2:"97";s:2:"re";s:1:"0";s:3:"iva";s:1:"1";s:10:"di_factura";s:0:"";s:8:"di_envio";s:0:"";s:11:"comentarios";N;s:10:"confirmado";s:1:"1";s:19:"esperando_mercancia";s:1:"0";s:7:"enviado";s:1:"0";s:7:"anulado";s:1:"0";s:3:"tim";s:19:"2014-03-06 16:54:09";s:10:"forma_pago";N;s:12:"fecha_salida";N;s:15:"causa_anulacion";N;s:9:"proveedor";s:2:"89";s:10:"transporte";N;s:18:"empresa_transporte";N;s:6:"portes";N;s:6:"resave";s:4:"0.00";s:7:"ivasave";s:5:"21.00";s:6:"estado";s:1:"0";s:6:"pagado";s:1:"0";s:11:"existencias";N;s:8:"revisado";s:1:"1";s:7:"mensaje";s:1:"0";}}}', 106),
(11, 'cliente', 'a:5:{s:7:"Usuario";a:41:{s:2:"id";s:2:"97";s:10:"regione_id";s:1:"1";s:3:"rol";s:7:"cliente";s:5:"title";s:42:"Jhonny Esteban Alvarez Villazante jhonnyes";s:15:"tipo_de_negocio";s:7:"cliente";s:16:"persona_contacto";s:7:"cliente";s:5:"email";s:22:"pruebaderobo@gmail.com";s:8:"password";s:40:"c74811ce6b6e115e937d5ebfc909329d88091590";s:3:"cif";s:0:"";s:9:"direccion";s:11:"Pacata Alta";s:13:"codigo_postal";s:9:"123456789";s:3:"iva";s:1:"0";s:2:"re";s:1:"0";s:9:"impuestos";s:1:"0";s:3:"fax";s:0:"";s:9:"telefonos";s:8:"79715012";s:3:"tim";s:19:"0000-00-00 00:00:00";s:10:"fecha_alta";s:10:"2014-04-16";s:6:"estado";s:1:"0";s:2:"ip";s:15:"212.230.161.100";s:11:"comentarios";s:0:"";s:10:"activecode";s:29:"confirm52d7d90619f9f043795983";s:10:"mail_check";s:1:"1";s:8:"comision";N;s:6:"portes";N;s:11:"serializado";N;s:10:"portes_txt";N;s:3:"img";N;s:7:"company";s:8:"Sysdecom";s:4:"name";s:33:"Jhonny Esteban Alvarez Villazante";s:7:"surname";s:8:"jhonnyes";s:4:"city";s:10:"Cochabamba";s:14:"countyprovince";s:0:"";s:10:"newsletter";s:1:"0";s:7:"country";s:7:"Bolivia";s:4:"dfac";s:0:"";s:4:"denv";s:0:"";s:6:"contra";s:12:"nomaspruebas";s:10:"direccion2";s:0:"";s:3:"nit";N;s:4:"lang";N;}s:7:"Regione";a:3:{s:2:"id";s:1:"1";s:10:"country_id";s:1:"3";s:5:"title";s:10:"Azerbaijan";}s:7:"Calsado";a:0:{}s:8:"Consulta";a:2:{i:0;a:9:{s:2:"id";s:1:"3";s:10:"usuario_id";s:2:"97";s:15:"usuario_prov_id";s:3:"103";s:10:"calsado_id";s:2:"25";s:8:"consulta";s:47:"hola amigo quiero preguntar sobre este producto";s:8:"revisado";s:1:"1";s:14:"usuario_delete";s:1:"1";s:16:"proveedor_delete";s:1:"0";s:3:"tim";s:19:"2014-03-02 18:04:10";}i:1;a:9:{s:2:"id";s:1:"4";s:10:"usuario_id";s:2:"97";s:15:"usuario_prov_id";s:3:"103";s:10:"calsado_id";s:2:"25";s:8:"consulta";s:34:"si quiero saber como es que cuenta";s:8:"revisado";s:1:"1";s:14:"usuario_delete";s:1:"1";s:16:"proveedor_delete";s:1:"1";s:3:"tim";s:19:"2014-03-02 18:04:38";}}s:6:"Pedido";a:1:{i:0;a:26:{s:2:"id";s:2:"24";s:10:"usuario_id";s:2:"97";s:2:"re";s:1:"0";s:3:"iva";s:1:"1";s:10:"di_factura";s:0:"";s:8:"di_envio";s:0:"";s:11:"comentarios";N;s:10:"confirmado";s:1:"1";s:19:"esperando_mercancia";s:1:"0";s:7:"enviado";s:1:"0";s:7:"anulado";s:1:"0";s:3:"tim";s:19:"2014-03-06 16:54:09";s:10:"forma_pago";N;s:12:"fecha_salida";N;s:15:"causa_anulacion";N;s:9:"proveedor";s:2:"89";s:10:"transporte";N;s:18:"empresa_transporte";N;s:6:"portes";N;s:6:"resave";s:4:"0.00";s:7:"ivasave";s:5:"21.00";s:6:"estado";s:1:"0";s:6:"pagado";s:1:"0";s:11:"existencias";N;s:8:"revisado";s:1:"1";s:7:"mensaje";s:1:"0";}}}', 106),
(12, 'cliente', 'a:5:{s:7:"Usuario";a:41:{s:2:"id";s:2:"97";s:10:"regione_id";s:1:"1";s:3:"rol";s:7:"cliente";s:5:"title";s:42:"Jhonny Esteban Alvarez Villazante jhonnyes";s:15:"tipo_de_negocio";s:7:"cliente";s:16:"persona_contacto";s:7:"cliente";s:5:"email";s:22:"pruebaderobo@gmail.com";s:8:"password";s:40:"c74811ce6b6e115e937d5ebfc909329d88091590";s:3:"cif";s:0:"";s:9:"direccion";s:11:"Pacata Alta";s:13:"codigo_postal";s:9:"123456789";s:3:"iva";s:1:"0";s:2:"re";s:1:"0";s:9:"impuestos";s:1:"0";s:3:"fax";s:0:"";s:9:"telefonos";s:8:"79715012";s:3:"tim";s:19:"0000-00-00 00:00:00";s:10:"fecha_alta";s:10:"2014-04-16";s:6:"estado";s:1:"0";s:2:"ip";s:15:"212.230.161.100";s:11:"comentarios";s:0:"";s:10:"activecode";s:29:"confirm52d7d90619f9f043795983";s:10:"mail_check";s:1:"1";s:8:"comision";N;s:6:"portes";N;s:11:"serializado";N;s:10:"portes_txt";N;s:3:"img";N;s:7:"company";s:8:"Sysdecom";s:4:"name";s:33:"Jhonny Esteban Alvarez Villazante";s:7:"surname";s:8:"jhonnyes";s:4:"city";s:10:"Cochabamba";s:14:"countyprovince";s:0:"";s:10:"newsletter";s:1:"0";s:7:"country";s:7:"Bolivia";s:4:"dfac";s:0:"";s:4:"denv";s:0:"";s:6:"contra";s:12:"nomaspruebas";s:10:"direccion2";s:0:"";s:3:"nit";N;s:4:"lang";N;}s:7:"Regione";a:3:{s:2:"id";s:1:"1";s:10:"country_id";s:1:"3";s:5:"title";s:10:"Azerbaijan";}s:7:"Calsado";a:0:{}s:8:"Consulta";a:2:{i:0;a:9:{s:2:"id";s:1:"3";s:10:"usuario_id";s:2:"97";s:15:"usuario_prov_id";s:3:"103";s:10:"calsado_id";s:2:"25";s:8:"consulta";s:47:"hola amigo quiero preguntar sobre este producto";s:8:"revisado";s:1:"1";s:14:"usuario_delete";s:1:"1";s:16:"proveedor_delete";s:1:"0";s:3:"tim";s:19:"2014-03-02 18:04:10";}i:1;a:9:{s:2:"id";s:1:"4";s:10:"usuario_id";s:2:"97";s:15:"usuario_prov_id";s:3:"103";s:10:"calsado_id";s:2:"25";s:8:"consulta";s:34:"si quiero saber como es que cuenta";s:8:"revisado";s:1:"1";s:14:"usuario_delete";s:1:"1";s:16:"proveedor_delete";s:1:"1";s:3:"tim";s:19:"2014-03-02 18:04:38";}}s:6:"Pedido";a:1:{i:0;a:26:{s:2:"id";s:2:"24";s:10:"usuario_id";s:2:"97";s:2:"re";s:1:"0";s:3:"iva";s:1:"1";s:10:"di_factura";s:0:"";s:8:"di_envio";s:0:"";s:11:"comentarios";N;s:10:"confirmado";s:1:"1";s:19:"esperando_mercancia";s:1:"0";s:7:"enviado";s:1:"0";s:7:"anulado";s:1:"0";s:3:"tim";s:19:"2014-03-06 16:54:09";s:10:"forma_pago";N;s:12:"fecha_salida";N;s:15:"causa_anulacion";N;s:9:"proveedor";s:2:"89";s:10:"transporte";N;s:18:"empresa_transporte";N;s:6:"portes";N;s:6:"resave";s:4:"0.00";s:7:"ivasave";s:5:"21.00";s:6:"estado";s:1:"0";s:6:"pagado";s:1:"0";s:11:"existencias";N;s:8:"revisado";s:1:"1";s:7:"mensaje";s:1:"0";}}}', 106),
(13, 'cliente', 'a:5:{s:7:"Usuario";a:41:{s:2:"id";s:2:"97";s:10:"regione_id";s:1:"1";s:3:"rol";s:7:"cliente";s:5:"title";s:42:"Jhonny Esteban Alvarez Villazante jhonnyes";s:15:"tipo_de_negocio";s:7:"cliente";s:16:"persona_contacto";s:7:"cliente";s:5:"email";s:22:"pruebaderobo@gmail.com";s:8:"password";s:40:"c74811ce6b6e115e937d5ebfc909329d88091590";s:3:"cif";s:0:"";s:9:"direccion";s:11:"Pacata Alta";s:13:"codigo_postal";s:9:"123456789";s:3:"iva";s:1:"0";s:2:"re";s:1:"0";s:9:"impuestos";s:1:"0";s:3:"fax";s:0:"";s:9:"telefonos";s:8:"79715012";s:3:"tim";s:19:"0000-00-00 00:00:00";s:10:"fecha_alta";s:10:"2014-04-16";s:6:"estado";s:1:"0";s:2:"ip";s:15:"212.230.161.100";s:11:"comentarios";s:0:"";s:10:"activecode";s:29:"confirm52d7d90619f9f043795983";s:10:"mail_check";s:1:"1";s:8:"comision";N;s:6:"portes";N;s:11:"serializado";N;s:10:"portes_txt";N;s:3:"img";N;s:7:"company";s:8:"Sysdecom";s:4:"name";s:33:"Jhonny Esteban Alvarez Villazante";s:7:"surname";s:8:"jhonnyes";s:4:"city";s:10:"Cochabamba";s:14:"countyprovince";s:0:"";s:10:"newsletter";s:1:"0";s:7:"country";s:7:"Bolivia";s:4:"dfac";s:0:"";s:4:"denv";s:0:"";s:6:"contra";s:12:"nomaspruebas";s:10:"direccion2";s:0:"";s:3:"nit";N;s:4:"lang";N;}s:7:"Regione";a:3:{s:2:"id";s:1:"1";s:10:"country_id";s:1:"3";s:5:"title";s:10:"Azerbaijan";}s:7:"Calsado";a:0:{}s:8:"Consulta";a:2:{i:0;a:9:{s:2:"id";s:1:"3";s:10:"usuario_id";s:2:"97";s:15:"usuario_prov_id";s:3:"103";s:10:"calsado_id";s:2:"25";s:8:"consulta";s:47:"hola amigo quiero preguntar sobre este producto";s:8:"revisado";s:1:"1";s:14:"usuario_delete";s:1:"1";s:16:"proveedor_delete";s:1:"0";s:3:"tim";s:19:"2014-03-02 18:04:10";}i:1;a:9:{s:2:"id";s:1:"4";s:10:"usuario_id";s:2:"97";s:15:"usuario_prov_id";s:3:"103";s:10:"calsado_id";s:2:"25";s:8:"consulta";s:34:"si quiero saber como es que cuenta";s:8:"revisado";s:1:"1";s:14:"usuario_delete";s:1:"1";s:16:"proveedor_delete";s:1:"1";s:3:"tim";s:19:"2014-03-02 18:04:38";}}s:6:"Pedido";a:1:{i:0;a:26:{s:2:"id";s:2:"24";s:10:"usuario_id";s:2:"97";s:2:"re";s:1:"0";s:3:"iva";s:1:"1";s:10:"di_factura";s:0:"";s:8:"di_envio";s:0:"";s:11:"comentarios";N;s:10:"confirmado";s:1:"1";s:19:"esperando_mercancia";s:1:"0";s:7:"enviado";s:1:"0";s:7:"anulado";s:1:"0";s:3:"tim";s:19:"2014-03-06 16:54:09";s:10:"forma_pago";N;s:12:"fecha_salida";N;s:15:"causa_anulacion";N;s:9:"proveedor";s:2:"89";s:10:"transporte";N;s:18:"empresa_transporte";N;s:6:"portes";N;s:6:"resave";s:4:"0.00";s:7:"ivasave";s:5:"21.00";s:6:"estado";s:1:"0";s:6:"pagado";s:1:"0";s:11:"existencias";N;s:8:"revisado";s:1:"1";s:7:"mensaje";s:1:"0";}}}', 106),
(14, 'cliente', 'a:5:{s:7:"Usuario";a:41:{s:2:"id";s:2:"97";s:10:"regione_id";s:1:"1";s:3:"rol";s:7:"cliente";s:5:"title";s:42:"Jhonny Esteban Alvarez Villazante jhonnyes";s:15:"tipo_de_negocio";s:7:"cliente";s:16:"persona_contacto";s:7:"cliente";s:5:"email";s:22:"pruebaderobo@gmail.com";s:8:"password";s:40:"c74811ce6b6e115e937d5ebfc909329d88091590";s:3:"cif";s:0:"";s:9:"direccion";s:11:"Pacata Alta";s:13:"codigo_postal";s:9:"123456789";s:3:"iva";s:1:"0";s:2:"re";s:1:"0";s:9:"impuestos";s:1:"0";s:3:"fax";s:0:"";s:9:"telefonos";s:8:"79715012";s:3:"tim";s:19:"0000-00-00 00:00:00";s:10:"fecha_alta";s:10:"2014-04-16";s:6:"estado";s:1:"0";s:2:"ip";s:15:"212.230.161.100";s:11:"comentarios";s:0:"";s:10:"activecode";s:29:"confirm52d7d90619f9f043795983";s:10:"mail_check";s:1:"1";s:8:"comision";N;s:6:"portes";N;s:11:"serializado";N;s:10:"portes_txt";N;s:3:"img";N;s:7:"company";s:8:"Sysdecom";s:4:"name";s:33:"Jhonny Esteban Alvarez Villazante";s:7:"surname";s:8:"jhonnyes";s:4:"city";s:10:"Cochabamba";s:14:"countyprovince";s:0:"";s:10:"newsletter";s:1:"0";s:7:"country";s:7:"Bolivia";s:4:"dfac";s:0:"";s:4:"denv";s:0:"";s:6:"contra";s:12:"nomaspruebas";s:10:"direccion2";s:0:"";s:3:"nit";N;s:4:"lang";N;}s:7:"Regione";a:3:{s:2:"id";s:1:"1";s:10:"country_id";s:1:"3";s:5:"title";s:10:"Azerbaijan";}s:7:"Calsado";a:0:{}s:8:"Consulta";a:2:{i:0;a:9:{s:2:"id";s:1:"3";s:10:"usuario_id";s:2:"97";s:15:"usuario_prov_id";s:3:"103";s:10:"calsado_id";s:2:"25";s:8:"consulta";s:47:"hola amigo quiero preguntar sobre este producto";s:8:"revisado";s:1:"1";s:14:"usuario_delete";s:1:"1";s:16:"proveedor_delete";s:1:"0";s:3:"tim";s:19:"2014-03-02 18:04:10";}i:1;a:9:{s:2:"id";s:1:"4";s:10:"usuario_id";s:2:"97";s:15:"usuario_prov_id";s:3:"103";s:10:"calsado_id";s:2:"25";s:8:"consulta";s:34:"si quiero saber como es que cuenta";s:8:"revisado";s:1:"1";s:14:"usuario_delete";s:1:"1";s:16:"proveedor_delete";s:1:"1";s:3:"tim";s:19:"2014-03-02 18:04:38";}}s:6:"Pedido";a:1:{i:0;a:26:{s:2:"id";s:2:"24";s:10:"usuario_id";s:2:"97";s:2:"re";s:1:"0";s:3:"iva";s:1:"1";s:10:"di_factura";s:0:"";s:8:"di_envio";s:0:"";s:11:"comentarios";N;s:10:"confirmado";s:1:"2";s:19:"esperando_mercancia";s:1:"0";s:7:"enviado";s:1:"0";s:7:"anulado";s:1:"0";s:3:"tim";s:19:"2014-03-06 16:54:09";s:10:"forma_pago";N;s:12:"fecha_salida";N;s:15:"causa_anulacion";N;s:9:"proveedor";s:2:"89";s:10:"transporte";N;s:18:"empresa_transporte";N;s:6:"portes";N;s:6:"resave";s:4:"0.00";s:7:"ivasave";s:5:"21.00";s:6:"estado";s:1:"0";s:6:"pagado";s:1:"0";s:11:"existencias";N;s:8:"revisado";s:1:"1";s:7:"mensaje";s:1:"0";}}}', 106);

-- --------------------------------------------------------

--
-- Estructura de tabla para la tabla `calsados`
--

CREATE TABLE IF NOT EXISTS `calsados` (
  `id` int(11) NOT NULL AUTO_INCREMENT,
  `categoria_id` int(11) DEFAULT NULL,
  `code` varchar(50) DEFAULT NULL,
  `tipo_id` int(11) DEFAULT NULL,
  `subtipo_id` int(11) DEFAULT NULL,
  `usuario_id` int(11) DEFAULT NULL,
  `material_id` int(11) DEFAULT NULL,
  `country_id` int(11) DEFAULT NULL,
  `marca` varchar(255) DEFAULT NULL,
  `activado` int(1) DEFAULT '0',
  `tim` timestamp NOT NULL DEFAULT CURRENT_TIMESTAMP,
  `venta` varchar(20) DEFAULT NULL,
  `texto` text,
  `precio` double(15,2) DEFAULT NULL,
  `poferta` double(15,2) DEFAULT NULL,
  `en_oferta` int(1) DEFAULT NULL,
  `servicio` int(11) DEFAULT NULL,
  `title_en` varchar(200) DEFAULT NULL,
  `texto_en` text,
  `forro` varchar(255) DEFAULT NULL,
  `suela` varchar(255) DEFAULT NULL,
  `dele` int(1) unsigned zerofill NOT NULL DEFAULT '0',
  PRIMARY KEY (`id`),
  KEY `calsados_ibfk_1` (`subtipo_id`),
  KEY `calsados_ibfk_2` (`tipo_id`),
  KEY `calsados_ibfk_3` (`categoria_id`)
) ENGINE=InnoDB  DEFAULT CHARSET=utf8 AUTO_INCREMENT=39 ;

--
-- Volcado de datos para la tabla `calsados`
--

INSERT INTO `calsados` (`id`, `categoria_id`, `code`, `tipo_id`, `subtipo_id`, `usuario_id`, `material_id`, `country_id`, `marca`, `activado`, `tim`, `venta`, `texto`, `precio`, `poferta`, `en_oferta`, `servicio`, `title_en`, `texto_en`, `forro`, `suela`, `dele`) VALUES
(1, 35, 'f233', 26, 9, 89, NULL, 28, 'jenker', 1, '0000-00-00 00:00:00', NULL, 'spanish hand made shoe', NULL, NULL, NULL, 0, NULL, NULL, 'Leather', 'cuero', 0),
(2, 36, 'f23-45', 26, 7, 89, NULL, 28, 'jenker', 1, '0000-00-00 00:00:00', NULL, 'good quality hand made shoe', NULL, NULL, NULL, 15, NULL, NULL, 'Leather', 'Rubber', 0),
(3, 35, 'KF4343', 29, NULL, 94, NULL, 28, '', 0, '0000-00-00 00:00:00', NULL, 'Fabricacion producto minima cantidad 1,000 pares. \r\nPrecio a consultar.', NULL, NULL, NULL, 120, NULL, NULL, 'Textil', 'Sintetico', 0),
(4, 35, 'f9876', 29, 7, 93, NULL, 28, '', 1, '0000-00-00 00:00:00', NULL, '', NULL, NULL, NULL, 0, NULL, NULL, '', '', 0),
(5, 35, 'd', 28, 1, 89, NULL, 28, 'ddd', 1, '0000-00-00 00:00:00', NULL, 'dddd', NULL, NULL, NULL, 0, NULL, NULL, 'dd', 'd', 1),
(6, 35, 'KL4938', 26, 7, 93, 7, 213, '', 1, '0000-00-00 00:00:00', NULL, 'Bonito y comodo zapato plano', NULL, NULL, NULL, 0, NULL, NULL, 'Textil', 'goma', 0),
(7, 35, 'KF8713', 26, 9, 93, NULL, 28, '', 1, '0000-00-00 00:00:00', NULL, '', NULL, NULL, NULL, 0, NULL, NULL, '', '', 0),
(8, 36, 'PIONEER', 29, 1, 93, NULL, 96, '', 1, '0000-00-00 00:00:00', NULL, 'Waterproof', NULL, NULL, NULL, 0, NULL, NULL, 'Textil', '', 0),
(9, 36, 'KA2109', 34, 1, 95, NULL, 96, 'Adidas', 1, '0000-00-00 00:00:00', NULL, 'test comodo y bonito', NULL, NULL, NULL, 0, NULL, NULL, 'Sintetico', 'Plastico', 0),
(10, 36, 'PADDINGTON', 26, 7, 95, NULL, 28, 'Nike', 1, '0000-00-00 00:00:00', NULL, 'drnelnsflnelsnfsl', NULL, NULL, NULL, 0, NULL, NULL, 'SINTETICO', 'SINTETICO', 0),
(11, 36, 'STONE', 28, 1, 95, NULL, 96, '', 1, '0000-00-00 00:00:00', NULL, 'test', NULL, NULL, NULL, 0, NULL, NULL, 'sintetico', 'sintetico', 0),
(12, 35, 'al4343', 28, 1, 95, NULL, 28, '', 0, '0000-00-00 00:00:00', NULL, '', NULL, NULL, NULL, 0, NULL, NULL, '', '', 0),
(13, 35, '3432423', 26, 1, 89, NULL, 28, 'test', 1, '0000-00-00 00:00:00', NULL, '', NULL, NULL, NULL, 0, NULL, NULL, '', 'goma', 0),
(14, 35, '4324324', 26, 1, 89, NULL, 28, 'uuu', 1, '0000-00-00 00:00:00', NULL, 'prueba', NULL, NULL, NULL, 0, NULL, NULL, '', '', 1),
(15, 36, 'rewrew', 26, 1, 89, NULL, 28, '', 1, '0000-00-00 00:00:00', NULL, 'sdfas dfsafsd', NULL, NULL, NULL, 0, NULL, NULL, '', '', 1),
(16, 35, 'adfasdf', 26, 1, 95, NULL, 28, 'afsd', 0, '0000-00-00 00:00:00', NULL, 'asfdasfd', NULL, NULL, NULL, 0, NULL, NULL, 'fdfdfd', 'dsffffffffasd', 1),
(17, 35, 'KF1922', 26, 7, 95, NULL, 250, '', 0, '0000-00-00 00:00:00', NULL, '', NULL, NULL, NULL, 0, NULL, NULL, '', '', 1),
(18, 35, 'este problema', 28, 1, 89, NULL, 28, 'adibas', 1, '0000-00-00 00:00:00', NULL, 'adibas', NULL, NULL, NULL, 0, NULL, NULL, '132', '12132', 0),
(19, 40, 'baby', 30, 1, 89, NULL, 28, 'www', 1, '0000-00-00 00:00:00', NULL, 'soft slipper', NULL, NULL, NULL, 0, NULL, NULL, 'tex', 'rubber', 1),
(20, 40, 'baby', 30, 1, 89, NULL, 28, 'www', 1, '0000-00-00 00:00:00', NULL, 'soft slipper', NULL, NULL, NULL, 0, NULL, NULL, 'tex', 'rubber', 0),
(21, 36, 'prueba', 26, 1, 89, 7, 28, 'ewew', 1, '2014-02-19 22:13:23', NULL, '', NULL, NULL, NULL, 0, NULL, NULL, 'w', 'e', 1),
(22, 36, 'rerere', 26, 1, 89, 7, 28, '', 1, '2014-02-19 22:21:08', NULL, '', NULL, NULL, NULL, 0, NULL, NULL, '', '', 1),
(23, 36, 'dfdfd', 26, NULL, 89, 8, 28, '', 1, '2014-02-19 22:26:01', NULL, '', NULL, NULL, NULL, 0, NULL, NULL, 'fdf', 'dfdf', 1),
(24, 35, 'sdsdsds', 26, 1, 89, 7, 28, '', 1, '2014-02-19 22:35:54', NULL, '', NULL, NULL, NULL, 0, NULL, NULL, 'dsds', '', 1),
(25, 35, '333333', 26, 1, 103, 8, 28, 'espana', 1, '2014-02-20 23:10:10', NULL, 'dsafs', NULL, NULL, NULL, 0, NULL, NULL, '', '', 0),
(26, 35, '00000', 28, 1, 89, 10, 28, '', 1, '2014-02-21 12:48:54', NULL, '', NULL, NULL, NULL, 0, NULL, NULL, '', '', 1),
(27, 35, 'sdggsdfgsdfgsdf', 29, 7, 89, 7, 47, '', 1, '2014-02-21 12:52:27', NULL, '', NULL, NULL, NULL, 0, NULL, NULL, '', '', 0),
(28, 36, '019741978', 29, 7, 103, 10, 28, 'ADIDAS', 1, '2014-02-21 13:08:39', NULL, '', NULL, NULL, NULL, 15, NULL, NULL, 'DSFDSF', 'DSFDF', 1),
(29, 35, '01546513', 26, 7, 89, 8, 28, 'ADIDAS', 1, '2014-02-21 13:09:49', NULL, 'FGS', NULL, NULL, NULL, 0, NULL, NULL, 'DSF', 'SDFG', 1),
(30, 36, '323232', 26, 1, 104, 8, 28, 'nike', 0, '2014-02-25 20:07:46', NULL, '', NULL, NULL, NULL, 0, NULL, NULL, 'rerere', '', 0),
(31, 35, 'KF2217', 34, 1, 95, 8, 35, 'Shoepernova', 0, '2014-03-21 13:18:39', NULL, 'Colourful flat espadrilles for the Summer.', NULL, NULL, NULL, 0, NULL, NULL, '', 'Esparto', 1),
(32, 35, 'KF2217', 34, 1, 95, 8, 35, 'Shoepernova', 1, '2014-03-21 13:23:58', NULL, 'xxxxxxxxxxxxxxxxxxxxxxxxxxxxxxxxxxxxxxxxxxxxx', NULL, NULL, NULL, 0, NULL, NULL, 'sintetico', 'Esparto', 1),
(33, 35, 'JE-29_A', 26, 1, 89, 7, 28, 'JENKER', 1, '2014-03-22 08:53:32', NULL, 'Mocassine', NULL, NULL, NULL, 0, NULL, NULL, 'Piel', 'Cuerolite', 0),
(34, 40, 'M-11-AFELPADO-PIEL-MARRON', 28, NULL, 89, 7, 28, 'JENKER', 1, '2014-03-22 10:11:22', NULL, '', NULL, NULL, NULL, 0, NULL, NULL, '', '', 0),
(35, 35, 'RR', 26, 7, 89, 7, 28, 'RR', 1, '2014-03-22 10:32:03', NULL, '', NULL, NULL, NULL, 0, NULL, NULL, '', '', 0),
(36, 35, 'KF2217', 34, 1, 93, 8, 28, 'Adidas', 1, '2014-03-24 13:35:41', NULL, 'Comodo ......', NULL, NULL, NULL, 0, NULL, NULL, '', '', 0),
(37, 35, 'test', 26, 1, 93, 7, 28, '', 1, '2014-03-27 11:35:55', NULL, '', NULL, NULL, NULL, 0, NULL, NULL, '', '', 0),
(38, 35, 'test', 26, 1, 93, 7, 28, '', 0, '2014-04-16 18:15:02', NULL, '', NULL, NULL, NULL, 0, NULL, NULL, 'cuero', '', 0);

-- --------------------------------------------------------

--
-- Estructura de tabla para la tabla `calsados_colors`
--

CREATE TABLE IF NOT EXISTS `calsados_colors` (
  `id` int(11) NOT NULL AUTO_INCREMENT,
  `calsado_id` int(11) DEFAULT NULL,
  `color_id` int(11) DEFAULT NULL,
  PRIMARY KEY (`id`),
  KEY `calsados_colors_ibfk_1` (`calsado_id`),
  KEY `calsados_colors_ibfk_2` (`color_id`)
) ENGINE=InnoDB DEFAULT CHARSET=utf8 AUTO_INCREMENT=1 ;

-- --------------------------------------------------------

--
-- Estructura de tabla para la tabla `calsados_tags`
--

CREATE TABLE IF NOT EXISTS `calsados_tags` (
  `id` int(11) NOT NULL AUTO_INCREMENT,
  `calsado_id` int(11) DEFAULT NULL,
  `tag_id` int(11) DEFAULT NULL,
  PRIMARY KEY (`id`),
  KEY `calsados_tags_ibfk_1` (`calsado_id`),
  KEY `calsados_tags_ibfk_2` (`tag_id`)
) ENGINE=InnoDB  DEFAULT CHARSET=utf8 AUTO_INCREMENT=26 ;

--
-- Volcado de datos para la tabla `calsados_tags`
--

INSERT INTO `calsados_tags` (`id`, `calsado_id`, `tag_id`) VALUES
(10, 4, 9),
(12, 8, 8),
(14, 9, 9),
(16, 13, 8),
(18, 25, 8),
(19, 26, 8),
(20, 26, 9),
(22, 27, 8),
(24, 28, 9),
(25, 29, 8);

-- --------------------------------------------------------

--
-- Estructura de tabla para la tabla `categorias`
--

CREATE TABLE IF NOT EXISTS `categorias` (
  `id` int(11) NOT NULL AUTO_INCREMENT,
  `title` varchar(255) DEFAULT NULL,
  `orden` int(11) DEFAULT NULL,
  `activo` int(11) DEFAULT NULL,
  `tallagrande` int(11) DEFAULT NULL,
  `tallachica` int(11) DEFAULT NULL,
  PRIMARY KEY (`id`)
) ENGINE=InnoDB  DEFAULT CHARSET=utf8 AUTO_INCREMENT=45 ;

--
-- Volcado de datos para la tabla `categorias`
--

INSERT INTO `categorias` (`id`, `title`, `orden`, `activo`, `tallagrande`, `tallachica`) VALUES
(35, 'Womens', 2, 1, 40, 20),
(36, 'Mens', 1, 1, 40, 20),
(37, 'Girls', 4, 1, 40, 20),
(40, 'Boys', 3, 1, 40, 20),
(41, 'Babies', 5, 1, 40, 20),
(42, 'Bags', 6, 1, NULL, NULL),
(43, 'x', 7, 0, NULL, NULL),
(44, 'y', 8, 0, NULL, NULL);

-- --------------------------------------------------------

--
-- Estructura de tabla para la tabla `colors`
--

CREATE TABLE IF NOT EXISTS `colors` (
  `id` int(11) NOT NULL AUTO_INCREMENT,
  `title` varchar(255) NOT NULL,
  `orden` int(11) DEFAULT NULL,
  `activo` int(1) DEFAULT NULL,
  PRIMARY KEY (`id`)
) ENGINE=InnoDB  DEFAULT CHARSET=utf8 AUTO_INCREMENT=7 ;

--
-- Volcado de datos para la tabla `colors`
--

INSERT INTO `colors` (`id`, `title`, `orden`, `activo`) VALUES
(1, 'amarillo', 1, 1),
(2, 'rojo', 1, 1),
(3, 'cafe', 2, 1),
(4, 'verde', 3, 1),
(5, 'negro', 4, 1),
(6, 'blanco', NULL, 1);

-- --------------------------------------------------------

--
-- Estructura de tabla para la tabla `consultas`
--

CREATE TABLE IF NOT EXISTS `consultas` (
  `id` int(11) NOT NULL AUTO_INCREMENT,
  `usuario_id` int(11) DEFAULT NULL,
  `usuario_prov_id` int(11) DEFAULT NULL,
  `calsado_id` int(11) DEFAULT NULL,
  `consulta` text,
  `revisado` int(1) NOT NULL DEFAULT '0',
  `usuario_delete` int(1) DEFAULT '0',
  `proveedor_delete` int(1) DEFAULT '0',
  `tim` timestamp NOT NULL DEFAULT CURRENT_TIMESTAMP,
  PRIMARY KEY (`id`),
  KEY `consultas_ibfk_1` (`usuario_id`),
  KEY `consultas_ibfk_2` (`usuario_prov_id`)
) ENGINE=InnoDB  DEFAULT CHARSET=utf8 AUTO_INCREMENT=20 ;

--
-- Volcado de datos para la tabla `consultas`
--

INSERT INTO `consultas` (`id`, `usuario_id`, `usuario_prov_id`, `calsado_id`, `consulta`, `revisado`, `usuario_delete`, `proveedor_delete`, `tim`) VALUES
(3, 97, 103, 25, 'hola amigo quiero preguntar sobre este producto', 1, 1, 0, '2014-03-02 18:04:10'),
(4, 97, 103, 25, 'si quiero saber como es que cuenta', 1, 1, 1, '2014-03-02 18:04:38'),
(5, 103, 89, 27, 'ghfdhdhshdfsh', 1, 1, 0, '2014-03-03 16:27:10'),
(6, 102, 103, 25, 'fdsvdsgeweff', 1, 1, 0, '2014-03-03 16:35:53'),
(7, 92, 95, 10, 'cual', 1, 1, 0, '2014-03-10 12:27:53'),
(8, 92, 93, 7, 'Puedo ver consulta en My account?', 1, 1, 0, '2014-03-19 11:51:35'),
(9, 92, 93, 7, 'Is this item in stock Mawco?', 1, 1, 0, '2014-03-20 12:18:36'),
(10, 92, 95, 9, 'Is this item in stock Shoepernova?', 1, 1, 0, '2014-03-20 12:19:05'),
(11, 92, 95, 9, '', 1, 1, 0, '2014-03-20 12:19:14'),
(12, 92, 93, 36, 'contacto sin compra', 1, 0, 0, '2014-03-24 15:03:50'),
(13, 98, 93, 36, 'hola', 1, 0, 0, '2014-03-24 19:44:58'),
(14, 98, 89, 34, 'jiii', 1, 0, 0, '2014-03-24 19:54:47'),
(15, 98, 89, 34, 'hola', 1, 0, 0, '2014-03-26 11:07:51'),
(16, 98, 89, 34, 'ssssssssssssssssssssssssssssssssssssssssssssssssssssssssssssssssssssssssssssssssssssssssssssssssssssssssssssssssssssssssssssssssssssssssssssssssssssssssssssssssssssssssssssssssssssssssssssssssssssssssssssssssssssssssssssssssssssssssssssssssssssssssssssssssssssssssssssssssssssssssssssssssssssssssssssssssssssssssssssssssssssssssssssssssssssssssssssssssssssssssssssssssssssssssssssssssssssssssssssssssssssssssssssssssssssssssssssssssssssssssssssssssssssssssssssssssssssssssssssssssssssssssssssssssssssssssssssssssssssssssssssssssssssssssssssssssss', 0, 1, 0, '2014-03-26 11:47:28'),
(17, 98, 89, 34, '\r\nEl Banco de Espa침a prev칠 un crecimiento de la econom칤a del 1,2% en 2014 y un 1,7% en 2015\r\n \r\nLa entidad espera un avance del PIB del 0,7% en 2014 y del 1,2% en 2015 \r\n\r\n \r\n\r\nEFE Madrid  \r\nActualizado: 26/03/2014 10:42 horas  \r\n\r\n \r\n 6\r\n \r\n\r\n\r\nEl Banco de Espa침a prev칠 que la econom칤a espa침ola crezca un 1,2% en 2014, gracias a la primera tasa positiva de la demanda interna (0,3 %) desde que comenz칩 la crisis, en tanto que espera que esta tendencia se acelere en 2015, cuando el PIB avanzar칤a un 1,7 %.\r\n\r\nAs칤, se espera que la tendencia observada en el segundo trimestre de 2013, hacia un mayor peso de la demanda nacional a expensas de la demanda exterior neta, se consolide en el per칤odo de proyecci칩n.\r\n\r\nEl Bolet칤n Econ칩mico de la entidad supervisora correspondiente al mes de marzo se muestra m치s optimista que el Gobierno, que espera un avance del PIB del 0,7 % en 2014 y del 1,2 % en 2015, aunque estas cifras ser치n previsiblemente corregidas al alza a finales de este mes hasta 1 y 1,5 %.\r\n \r\n\r\n\r\n쯃e ha resultado interesante?\r\n\r\nS칤춼\r\n\r\nNo\r\n0 \r\n\r\n\r\n\r\n\r\n   \r\nTe recomendamos \r\n\r\n\r\n\r\n\r\nL\\''Wren Scott iba a anunciar este mi칠rcoles el cierre de su negocio\r\n\r\nL\\''Wren Scott iba a anunciar este mi칠rcoles el cierre de su뵢r\n\r\n \r\n \r\n\r\nShakira celebra un nuevo \\''parto\\'' feliz\r\n\r\nShakira celebra un nuevo \\''parto\\'' feliz\r\n\r\n \r\n \r\n\r\nEl marido de Susana Griso dirige a Jordi Gonz치lez\r\n\r\nEl marido de Susana Griso dirige a Jordi Gonz치lez\r\n\r\n \r\n \r\n\r\nNo es momento de especulaci칩n\r\n\r\nNo es momento de especulaci칩n\r\n\r\n \r\n \r\n\r\n\r\n\r\n\r\nL\\''Wren Scott iba a anunciar este mi칠rcoles el cierre de su negocio\r\n\r\n\r\n\r\n\r\n\r\n\r\n\r\nShakira celebra un nuevo \\''parto\\'' feliz\r\n\r\n\r\n\r\n\r\n\r\n\r\n\r\nEl marido de Susana Griso dirige a Jordi Gonz치lez\r\n\r\n\r\n\r\n\r\n\r\n\r\n\r\nNo es momento de especulaci칩n\r\n\r\n\r\n\r\n\r\n\r\n recomendado por  \r\n \r\n  \r\n\r\n\r\n\r\n   \r\n\r\n  \r\n \r\nPublicidad\r\n\r\n  En Inversis Banco encontrar치s la mayor oferta. Desc칰brela ya   \r\n \r\n\r\n  \r\n \r\nComentarios \r\n   \r\n\r\n\r\nPara comentar o valorar, por favor inicie sesi칩n o reg칤strese\r\n\r\n\r\n \r\n\r\nTodos\r\n Mejor valorados\r\n Te mencionan\r\n Tu red\r\n \r\n\r\n6 comentarios\r\n\r\n\r\n#6 \r\n \r\nmoteromba \r\n26/03/2014 11:42 horas   \r\n\r\n\r\n\r\n\r\n\r\n\r\n\r\nLa UE ha permitido un cambio de medir el PIB (ficticio) al incluir defensa y I&D como PIB en vez de gasto. Por lo tanto sube el PIB.\r\nResponder \r\n Citar mensaje \r\n Valorar + - \r\n Denunciar \r\n \r\n\r\n#5 \r\n \r\nArt Marias  Isa07 \r\n26/03/2014 11:34 horas   \r\n\r\n\r\n\r\n\r\n\r\n\r\n\r\nFracaso absoluto de la pol칤tica econ칩mica de Rajoy. Con crecimientos tan paup칠rrimos dif칤cilmente bajar치 el paro de manera significativa. Es lo que tiene gobernar s칩lo para los ricos. Espa침a necesita desde hace tiempo un cambio en el modelo productivo. Un pacto de estado para ello. El gobierno de Rajoy est치 siendo p칠simo para encarar los problemas importantes del pa칤s pues s칩lo est치 mirando a favor de su ideolog칤a, lo que 칰nicamente favorece los intereses de las clases altas. Las migajas que quedan para el resto como consecuencia de dichas pol칤ticas son muy insuficientes para afrontar los graves problemas de la inmensa mayor칤a de los ciudadanos.\r\nResponder \r\n Citar mensaje \r\n Valorar + - \r\n Denunciar \r\n \r\n\r\n#4 \r\n \r\nlivamu \r\n26/03/2014 11:36 horas   \r\n\r\n\r\n\r\n\r\n\r\n\r\n\r\nSolo me pregunto, si cuando pasen las elecciones europeas seguiremos viviendo en el mejor de los mundos. SI ...porque el a침o que viene tendremos las elecciones IMPORTANTES , las Auton칩micas y Municipales que \\"colocan\\" al 95 % de los vividores a nuestra costa ...y las Generales que dan el poder sobre las empresas mas grandes !!!\r\nResponder \r\n Citar mensaje \r\n Valorar + - \r\n Denunciar \r\n \r\n\r\n#3 \r\n \r\nNOPPSOE \r\n26/03/2014 11:14 horas   \r\n\r\n\r\n\r\n\r\n\r\n\r\n\r\nEs decir el PIB subir치 hasta el 1,7% en 2015 y la tasa de paro no caer치 por debajo del 25%..... curioso, crecimietno sin generaci칩n de empleo, y el crecimiento es debido al aumento del consumo interno,en un pa칤s donde el paro est치 por encima del 25% y la competitividad se logra via reducci칩n de salarios... algo no cuadra en este circulo \\"virtuoso\\", huele a que el PPSOE nos da gato por liebre otra vez...y van.... en nuestras manos est치 legitimarlos en las urnas o no, cada uno sabr치.\r\nResponder \r\n Citar mensaje \r\n Valorar + - \r\n Denunciar \r\n \r\n\r\n#2 \r\n \r\nPablo Rebelup  Rebel_up \r\n26/03/2014 11:11 horas   \r\n\r\n\r\n\r\n\r\n\r\n\r\n\r\nCrecimiento para los ricos, se entiende. Sustrayendo de la clase media, se entiende.\r\nResponder \r\n Citar mensaje \r\n Valorar + - \r\n Denunciar \r\n ', 0, 0, 0, '2014-03-26 11:49:29'),
(18, 102, 103, 25, 'sfsdffsdfsdfdf', 1, 1, 0, '2014-04-04 11:44:21'),
(19, 102, 89, 35, '444', 0, 0, 0, '2014-04-04 12:12:01');

-- --------------------------------------------------------

--
-- Estructura de tabla para la tabla `countries`
--

CREATE TABLE IF NOT EXISTS `countries` (
  `id` int(11) NOT NULL,
  `idioma_id` int(11) NOT NULL,
  `title` varchar(255) NOT NULL,
  `x` int(11) DEFAULT NULL,
  `y` int(11) DEFAULT NULL,
  `title_en` varchar(255) DEFAULT NULL,
  PRIMARY KEY (`id`)
) ENGINE=InnoDB DEFAULT CHARSET=utf8;

--
-- Volcado de datos para la tabla `countries`
--

INSERT INTO `countries` (`id`, `idioma_id`, `title`, `x`, `y`, `title_en`) VALUES
(1, 7, 'Australia', NULL, NULL, 'Australia'),
(2, 7, 'Austria', NULL, NULL, 'Austria'),
(3, 7, 'Azerbaiy&aacute;n', NULL, NULL, 'Azerbaijan'),
(4, 7, 'Anguilla', NULL, NULL, 'Anguilla'),
(5, 7, 'Argentina', NULL, NULL, 'Argentina'),
(6, 7, 'Armenia', NULL, NULL, 'Armenia'),
(7, 7, 'Bielorrusia', NULL, NULL, 'Belarus'),
(8, 7, 'Belice', NULL, NULL, 'Belize'),
(9, 7, 'B&eacute;lgica', NULL, NULL, 'Belgium'),
(10, 7, 'Bermudas', NULL, NULL, 'Bermuda'),
(11, 7, 'Bulgaria', NULL, NULL, 'Bulgaria'),
(12, 7, 'Brasil', NULL, NULL, 'Brazil'),
(13, 7, 'Reino Unido', NULL, NULL, 'United Kingdom'),
(14, 7, 'Hungr&iacute;a', NULL, NULL, 'Hungary'),
(15, 7, 'Vietnam', NULL, NULL, 'Vietnam'),
(16, 7, 'Haiti', NULL, NULL, 'Haiti'),
(17, 7, 'Guadalupe', NULL, NULL, 'Guadeloupe'),
(18, 7, 'Alemania', NULL, NULL, 'Germany'),
(19, 7, 'Pa&iacute;ses Bajos, Holanda', NULL, NULL, 'Netherlands'),
(20, 7, 'Grecia', NULL, NULL, 'Greece'),
(21, 7, 'Georgia', NULL, NULL, 'Georgia'),
(22, 7, 'Dinamarca', NULL, NULL, 'Denmark'),
(23, 7, 'Egipto', NULL, NULL, 'Egypt'),
(24, 7, 'Israel', NULL, NULL, 'Israel'),
(25, 7, 'India', NULL, NULL, 'India'),
(26, 7, 'Ir&aacute;n', NULL, NULL, 'Iran'),
(27, 7, 'Irlanda', NULL, NULL, 'Ireland'),
(28, 7, 'Espa&ntilde;a', NULL, NULL, 'Spain'),
(29, 7, 'Italia', NULL, NULL, 'Italy'),
(30, 7, 'Kazajst&aacute;n', NULL, NULL, 'Kazakhstan'),
(31, 7, 'Camer&uacute;n', NULL, NULL, 'Cameroon'),
(32, 7, 'Canad&aacute;', NULL, NULL, 'Canada'),
(33, 7, 'Chipre', NULL, NULL, 'Cyprus'),
(34, 7, 'Kirguist&aacute;n', NULL, NULL, 'Kyrgyzstan'),
(35, 7, 'China', NULL, NULL, 'China'),
(36, 7, 'Costa Rica', NULL, NULL, 'Costa Rica'),
(37, 7, 'Kuwait', NULL, NULL, 'Kuwait'),
(38, 7, 'Letonia', NULL, NULL, 'Latvia'),
(39, 7, 'Libia', NULL, NULL, 'Libya'),
(40, 7, 'Lituania', NULL, NULL, 'Lithuania'),
(41, 7, 'Luxemburgo', NULL, NULL, 'Luxembourg'),
(42, 7, 'M&eacute;xico', NULL, NULL, 'Mexico'),
(43, 7, 'Moldavia', NULL, NULL, 'Moldova'),
(44, 7, 'M&oacute;naco', NULL, NULL, 'Monaco'),
(45, 7, 'Nueva Zelanda', NULL, NULL, 'New Zealand'),
(46, 7, 'Noruega', NULL, NULL, 'Norway'),
(47, 7, 'Polonia', NULL, NULL, 'Poland'),
(48, 7, 'Portugal', NULL, NULL, 'Portugal'),
(49, 7, 'Reuni&oacute;n', NULL, NULL, 'Reunion'),
(50, 7, 'Rusia', NULL, NULL, 'Russia'),
(51, 7, 'El Salvador', NULL, NULL, 'El Salvador'),
(52, 7, 'Eslovaquia', NULL, NULL, 'Slovakia'),
(53, 7, 'Eslovenia', NULL, NULL, 'Slovenia'),
(54, 7, 'Surinam', NULL, NULL, 'Suriname'),
(55, 7, 'Estados Unidos', NULL, NULL, 'United States'),
(56, 7, 'Tadjikistan', NULL, NULL, 'Tajikistan'),
(57, 7, 'Turkmenistan', NULL, NULL, 'Turkmenistan'),
(58, 7, 'Islas Turcas y Caicos', NULL, NULL, 'Turks and Caicos Islands'),
(59, 7, 'Turqu&iacute;a', NULL, NULL, 'Turkey'),
(60, 7, 'Uganda', NULL, NULL, 'Uganda'),
(61, 7, 'Uzbekist&aacute;n', NULL, NULL, 'Uzbekistan'),
(62, 7, 'Ucrania', NULL, NULL, 'Ukraine'),
(63, 7, 'Finlandia', NULL, NULL, 'Finland'),
(64, 7, 'Francia', NULL, NULL, 'France'),
(65, 7, 'Rep&uacute;blica Checa', NULL, NULL, 'Czech Republic'),
(66, 7, 'Suiza', NULL, NULL, 'Switzerland'),
(67, 7, 'Suecia', NULL, NULL, 'Sweden'),
(68, 7, 'Estonia', NULL, NULL, 'Estonia'),
(69, 7, 'Corea del Sur', NULL, NULL, 'South Korea'),
(70, 7, 'Jap&oacute;n', NULL, NULL, 'Japan'),
(71, 7, 'Croacia', NULL, NULL, 'Croatia'),
(72, 7, 'Ruman&iacute;a', NULL, NULL, 'Romania'),
(73, 7, 'Hong Kong', NULL, NULL, 'Hong Kong'),
(74, 7, 'Indonesia', NULL, NULL, 'Indonesia'),
(75, 7, 'Jordania', NULL, NULL, 'Jordan'),
(76, 7, 'Malasia', NULL, NULL, 'Malaysia'),
(77, 7, 'Singapur', NULL, NULL, 'Singapore'),
(78, 7, 'Taiwan', NULL, NULL, 'Taiwan'),
(79, 7, 'Bosnia y Herzegovina', NULL, NULL, 'Bosnia and Herzegovina'),
(80, 7, 'Bahamas', NULL, NULL, 'Bahamas'),
(81, 7, 'Chile', NULL, NULL, 'Chile'),
(82, 7, 'Colombia', NULL, NULL, 'Colombia'),
(83, 7, 'Islandia', NULL, NULL, 'Iceland'),
(84, 7, 'Corea del Norte', NULL, NULL, 'North Korea'),
(85, 7, 'Macedonia', NULL, NULL, 'Macedonia'),
(86, 7, 'Malta', NULL, NULL, 'Malta'),
(87, 7, 'Pakist&aacute;n', NULL, NULL, 'Pakistan'),
(88, 7, 'Pap&uacute;a-Nueva Guinea', NULL, NULL, 'Papua New Guinea'),
(89, 7, 'Per&uacute;', NULL, NULL, 'Peru'),
(90, 7, 'Filipinas', NULL, NULL, 'Philippines'),
(91, 7, 'Arabia Saudita', NULL, NULL, 'Saudi Arabia'),
(92, 7, 'Tailandia', NULL, NULL, 'Thailand'),
(93, 7, 'Emiratos &Aacute;rabes Unidos', NULL, NULL, 'United Arab Emirates'),
(94, 7, 'Groenlandia', NULL, NULL, 'Greenland'),
(95, 7, 'Venezuela', NULL, NULL, 'Venezuela'),
(96, 7, 'Zimbabwe', NULL, NULL, 'Zimbabwe'),
(97, 7, 'Kenia', NULL, NULL, 'Kenya'),
(98, 7, 'Algeria', NULL, NULL, 'Algeria'),
(99, 7, 'L&iacute;bano', NULL, NULL, 'Lebanon'),
(100, 7, 'Botsuana', NULL, NULL, 'Botswana'),
(101, 7, 'Tanzania', NULL, NULL, 'Tanzania'),
(102, 7, 'Namibia', NULL, NULL, 'Namibia'),
(103, 7, 'Ecuador', NULL, NULL, 'Ecuador'),
(104, 7, 'Marruecos', NULL, NULL, 'Morocco'),
(105, 7, 'Ghana', NULL, NULL, 'Ghana'),
(106, 7, 'Siria', NULL, NULL, 'Syria'),
(107, 7, 'Nepal', NULL, NULL, 'Nepal'),
(108, 7, 'Mauritania', NULL, NULL, 'Mauritania'),
(109, 7, 'Seychelles', NULL, NULL, 'Seychelles'),
(110, 7, 'Paraguay', NULL, NULL, 'Paraguay'),
(111, 7, 'Uruguay', NULL, NULL, 'Uruguay'),
(112, 7, 'Congo (Brazzaville)', NULL, NULL, 'Congo (Brazzaville)'),
(113, 7, 'Cuba', NULL, NULL, 'Cuba'),
(114, 7, 'Albania', NULL, NULL, 'Albania'),
(115, 7, 'Nigeria', NULL, NULL, 'Nigeria'),
(116, 7, 'Zambia', NULL, NULL, 'Zambia'),
(117, 7, 'Mozambique', NULL, NULL, 'Mozambique'),
(119, 7, 'Angola', NULL, NULL, 'Angola'),
(120, 7, 'Sri Lanka', NULL, NULL, 'Sri Lanka'),
(121, 7, 'Etiop&iacute;a', NULL, NULL, 'Ethiopia'),
(122, 7, 'T&uacute;nez', NULL, NULL, 'Tunisia'),
(123, 7, 'Bolivia', NULL, NULL, 'Bolivia'),
(124, 7, 'Panam&aacute;', NULL, NULL, 'Panama'),
(125, 7, 'Malawi', NULL, NULL, 'Malawi'),
(126, 7, 'Liechtenstein', NULL, NULL, 'Liechtenstein'),
(127, 7, 'Bahrein', NULL, NULL, 'Bahrain'),
(128, 7, 'Barbados', NULL, NULL, 'Barbados'),
(130, 7, 'Chad', NULL, NULL, 'Chad'),
(131, 7, 'Man, Isla de', NULL, NULL, 'Isle of Man'),
(132, 7, 'Jamaica', NULL, NULL, 'Jamaica'),
(133, 7, 'Mal&iacute;', NULL, NULL, 'Mali'),
(134, 7, 'Madagascar', NULL, NULL, 'Madagascar'),
(135, 7, 'Senegal', NULL, NULL, 'Senegal'),
(136, 7, 'Togo', NULL, NULL, 'Togo'),
(137, 7, 'Honduras', NULL, NULL, 'Honduras'),
(138, 7, 'Rep&uacute;blica Dominicana', NULL, NULL, 'Dominican Republic'),
(139, 7, 'Mongolia', NULL, NULL, 'Mongolia'),
(140, 7, 'Irak', NULL, NULL, 'Iraq'),
(141, 7, 'Sud&aacute;frica', NULL, NULL, 'South Africa'),
(142, 7, 'Aruba', NULL, NULL, 'Aruba'),
(143, 7, 'Gibraltar', NULL, NULL, 'Gibraltar'),
(144, 7, 'Afganist&aacute;n', NULL, NULL, 'Afghanistan'),
(145, 7, 'Andorra', NULL, NULL, 'Andorra'),
(147, 7, 'Antigua y Barbuda', NULL, NULL, 'Antigua and Barbuda'),
(149, 7, 'Bangladesh', NULL, NULL, 'Bangladesh'),
(151, 7, 'Ben&iacute;n', NULL, NULL, 'Benin'),
(152, 7, 'But&aacute;n', NULL, NULL, 'Bhutan'),
(154, 7, 'Islas Virgenes Brit&aacute;nicas', NULL, NULL, 'British Virgin Islands'),
(155, 7, 'Brun&eacute;i', NULL, NULL, 'Brunei'),
(156, 7, 'Burkina Faso', NULL, NULL, 'Burkina Faso'),
(157, 7, 'Burundi', NULL, NULL, 'Burundi'),
(158, 7, 'Camboya', NULL, NULL, 'Cambodia'),
(159, 7, 'Cabo Verde', NULL, NULL, 'Cape Verde'),
(164, 7, 'Comores', NULL, NULL, 'Comoros'),
(165, 7, 'Congo (Kinshasa)', NULL, NULL, 'Congo (Kinshasa)'),
(166, 7, 'Cook, Islas', NULL, NULL, 'Cook Islands'),
(168, 7, 'Costa de Marfil', NULL, NULL, 'Cote D&#039;Ivoire'),
(169, 7, 'Djibouti, Yibuti', NULL, NULL, 'Djibouti'),
(171, 7, 'Timor Oriental', NULL, NULL, 'East Timor'),
(172, 7, 'Guinea Ecuatorial', NULL, NULL, 'Equatorial Guinea'),
(173, 7, 'Eritrea', NULL, NULL, 'Eritrea'),
(175, 7, 'Feroe, Islas', NULL, NULL, 'Faroe Islands'),
(176, 7, 'Fiyi', NULL, NULL, 'Fiji'),
(178, 7, 'Polinesia Francesa', NULL, NULL, 'French Polynesia'),
(180, 7, 'Gab&oacute;n', NULL, NULL, 'Gabon'),
(181, 7, 'Gambia', NULL, NULL, 'Gambia'),
(184, 7, 'Granada', NULL, NULL, 'Grenada'),
(185, 7, 'Guatemala', NULL, NULL, 'Guatemala'),
(186, 7, 'Guernsey', NULL, NULL, 'Guernsey'),
(187, 7, 'Guinea', NULL, NULL, 'Guinea'),
(188, 7, 'Guinea-Bissau', NULL, NULL, 'Guinea-Bissau'),
(189, 7, 'Guyana', NULL, NULL, 'Guyana'),
(193, 7, 'Jersey', NULL, NULL, 'Jersey'),
(195, 7, 'Kiribati', NULL, NULL, 'Kiribati'),
(196, 7, 'Laos', NULL, NULL, 'Laos'),
(197, 7, 'Lesotho', NULL, NULL, 'Lesotho'),
(198, 7, 'Liberia', NULL, NULL, 'Liberia'),
(200, 7, 'Maldivas', NULL, NULL, 'Maldives'),
(201, 7, 'Martinica', NULL, NULL, 'Martinique'),
(202, 7, 'Mauricio', NULL, NULL, 'Mauritius'),
(205, 7, 'Myanmar', NULL, NULL, 'Myanmar'),
(206, 7, 'Nauru', NULL, NULL, 'Nauru'),
(207, 7, 'Antillas Holandesas', NULL, NULL, 'Netherlands Antilles'),
(208, 7, 'Nueva Caledonia', NULL, NULL, 'New Caledonia'),
(209, 7, 'Nicaragua', NULL, NULL, 'Nicaragua'),
(210, 7, 'N&iacute;ger', NULL, NULL, 'Niger'),
(212, 7, 'Norfolk Island', NULL, NULL, 'Norfolk Island'),
(213, 7, 'Om&aacute;n', NULL, NULL, 'Oman'),
(215, 7, 'Isla Pitcairn', NULL, NULL, 'Pitcairn Islands'),
(216, 7, 'Qatar', NULL, NULL, 'Qatar'),
(217, 7, 'Ruanda', NULL, NULL, 'Rwanda'),
(218, 7, 'Santa Elena', NULL, NULL, 'Saint Helena'),
(219, 7, 'San Cristobal y Nevis', NULL, NULL, 'Saint Kitts and Nevis'),
(220, 7, 'Santa Luc&iacute;a', NULL, NULL, 'Saint Lucia'),
(221, 7, 'San Pedro y Miquel&oacute;n', NULL, NULL, 'Saint Pierre and Miquelon'),
(222, 7, 'San Vincente y Granadinas', NULL, NULL, 'Saint Vincent and the Grenadines'),
(223, 7, 'Samoa', NULL, NULL, 'Samoa'),
(224, 7, 'San Marino', NULL, NULL, 'San Marino'),
(225, 7, 'San Tom&eacute; y Pr&iacute;ncipe', NULL, NULL, 'Sao Tome and Principe'),
(226, 7, 'Serbia y Montenegro', NULL, NULL, 'Serbia and Montenegro'),
(227, 7, 'Sierra Leona', NULL, NULL, 'Sierra Leone'),
(228, 7, 'Islas Salom&oacute;n', NULL, NULL, 'Solomon Islands'),
(229, 7, 'Somalia', NULL, NULL, 'Somalia'),
(232, 7, 'Sud&aacute;n', NULL, NULL, 'Sudan'),
(234, 7, 'Swazilandia', NULL, NULL, 'Swaziland'),
(235, 7, 'Tokelau', NULL, NULL, 'Tokelau'),
(236, 7, 'Tonga', NULL, NULL, 'Tonga'),
(237, 7, 'Trinidad y Tobago', NULL, NULL, 'Trinidad and Tobago'),
(239, 7, 'Tuvalu', NULL, NULL, 'Tuvalu'),
(240, 7, 'Vanuatu', NULL, NULL, 'Vanuatu'),
(241, 7, 'Wallis y Futuna', NULL, NULL, 'Wallis and Futuna'),
(242, 7, 'S&aacute;hara Occidental', NULL, NULL, 'Western Sahara'),
(243, 7, 'Yemen', NULL, NULL, 'Yemen'),
(246, 7, 'Puerto Rico', NULL, NULL, 'Puerto Rico');

-- --------------------------------------------------------

--
-- Estructura de tabla para la tabla `emailslogs`
--

CREATE TABLE IF NOT EXISTS `emailslogs` (
  `id` int(11) NOT NULL AUTO_INCREMENT,
  `tipo` varchar(50) DEFAULT NULL,
  `para` varchar(255) DEFAULT NULL,
  `texto` text,
  `fechahora` timestamp NULL DEFAULT CURRENT_TIMESTAMP,
  `asunto` varchar(255) DEFAULT NULL,
  PRIMARY KEY (`id`)
) ENGINE=MyISAM  DEFAULT CHARSET=latin1 AUTO_INCREMENT=912 ;

-- --------------------------------------------------------

--
-- Estructura de tabla para la tabla `fotos`
--

CREATE TABLE IF NOT EXISTS `fotos` (
  `id` int(11) NOT NULL AUTO_INCREMENT,
  `calsado_id` int(11) DEFAULT NULL,
  `title` varchar(255) DEFAULT NULL,
  `url` varchar(255) DEFAULT NULL,
  `orden` int(1) DEFAULT NULL,
  PRIMARY KEY (`id`),
  KEY `fotos_ibfk_1` (`calsado_id`)
) ENGINE=InnoDB  DEFAULT CHARSET=utf8 AUTO_INCREMENT=44 ;

--
-- Volcado de datos para la tabla `fotos`
--

INSERT INTO `fotos` (`id`, `calsado_id`, `title`, `url`, `orden`) VALUES
(1, 1, 'marron', '52aafd894858660CocoMarronCharoljpg.jpg', 1),
(2, 1, 'cuero', '52aafd98a8ada60CocoTaupeCharoljpg.jpg', 1),
(3, 1, 'burdeos', '52aafda58d16a60SerpienteBurdeosCharoljpg.jpg', 1),
(4, 2, 'taupe', '52ad8be108f61M210AfelpadoDesertPisoChesteJPG.JPG', 1),
(5, 2, 'cuero', '52ad8be8bbf3fM210FloJPG.JPG', 1),
(6, 3, 'Gris', '52b04e9b56859KF4343grisjpg.jpg', 1),
(7, 4, 'Negro', '52b050817e5b0KF5845negrojpg.jpg', 1),
(8, 6, 'Negro', '52d3d6d769ed1KL4938jpg.jpg', 1),
(9, 7, 'Marino', '52d3d789d9cffKF8713jpg.jpg', 1),
(10, 8, 'Negro', '52d3d80d645bePIONEERjpg.jpg', 1),
(11, 9, 'Marino', '52d3ee8106b12KA2109jpg.jpg', 1),
(12, 10, 'Negro Charol', '52d3ef347a825PADDINGTONjpg.jpg', 1),
(13, 11, 'Negro', '52d3ef7bf3ac2STONEjpg.jpg', 1),
(14, 12, 'negro', '52d4540ea7befKA2109jpg.jpg', 1),
(15, 13, 'verde', '52fdd602ec8edM126314VERDE3641Y4045jpg.jpg', 1),
(16, 17, 'Negro', '52fdf8034504cKF1922negrojpg.jpg', 1),
(17, 19, 'grey', '53008cb392259M126314NNEGROjpg.jpg', 1),
(18, 20, 'grey', '53008d2ac08b4M126314NNEGROjpg.jpg', 1),
(19, 18, 'electric blue', '530319953d89aM20AdemJPG.JPG', 1),
(20, 25, 'azul', '53067d5aade0c347png.png', 1),
(21, 25, 'verde', '53067d65ae9161424png.png', 1),
(22, 25, 'rojo', '53067d6b1722a14556png.png', 1),
(23, 25, 'negro', '53067d704105736178png.png', 1),
(24, 27, 'negro', '53073e1210276231jpg.jpg', 1),
(25, 27, 'rojo', '53073e150b8ba232jpg.jpg', 1),
(26, 30, 'verde', '530cea1e7e13cHahaPNG.PNG', 1),
(28, 32, 'negro', '532c2f72c5d38KF2217negrojpg.jpg', 1),
(29, 32, 'rojo', '532c2f769b1ecKF2217rojojpg.jpg', 1),
(30, 32, 'marino', '532c311822875KF2217marinojpg.jpg', 1),
(32, 33, 'BLUE', '532d42bc29a7a29ANAPAPERUGGIAMETALIZADOPLATAjpg.jpg', 1),
(34, 33, 'BLUE2', '532d4360985f129ANAPAPERUGGIAMETALIZADOPLATAjpg.jpg', 1),
(35, 34, 'MARRON', '532d53d430148M11AFELPADOPIELMARRONjpg.jpg', 1),
(36, 35, '', '532d590303d2129ANAPAPERUGGIAMETALIZADOPLATAjpg.jpg', 1),
(37, 35, '', '532d5936ad8dd29ANAPAPERUGGIAMETALIZADOPLATAjpg.jpg', 1),
(38, 36, 'Marino', '533029d3e7e4fKF2217marinojpg.jpg', 1),
(39, 36, 'Rojo', '533029d98c9d5KF2217rojojpg.jpg', 1),
(40, 36, 'Turquesa', '533029df465afKF2217turquesajpg.jpg', 1),
(41, 36, 'Negro', '533029e4cbed8KF2217negrojpg.jpg', 1),
(43, 37, 'MARINO', '5334042962240TEST1jpg.jpg', 1);

-- --------------------------------------------------------

--
-- Estructura de tabla para la tabla `gestion_newsletters`
--

CREATE TABLE IF NOT EXISTS `gestion_newsletters` (
  `id` int(11) NOT NULL AUTO_INCREMENT,
  `nombre_seccion` varchar(255) NOT NULL DEFAULT '',
  `descripcion` text,
  PRIMARY KEY (`id`)
) ENGINE=MyISAM  DEFAULT CHARSET=utf8 AUTO_INCREMENT=5 ;

-- --------------------------------------------------------

--
-- Estructura de tabla para la tabla `group_contacts`
--

CREATE TABLE IF NOT EXISTS `group_contacts` (
  `id` int(11) unsigned NOT NULL AUTO_INCREMENT,
  `name_group` varchar(255) NOT NULL DEFAULT '',
  `sql` text,
  `table` text,
  `descripcion` text,
  `replaces` varchar(20) DEFAULT NULL,
  `autolist` int(1) DEFAULT NULL,
  PRIMARY KEY (`id`)
) ENGINE=InnoDB  DEFAULT CHARSET=utf8 AUTO_INCREMENT=13 ;

--
-- Volcado de datos para la tabla `group_contacts`
--

INSERT INTO `group_contacts` (`id`, `name_group`, `sql`, `table`, `descripcion`, `replaces`, `autolist`) VALUES
(10, 'Clientes aceptados', 'select email,title as nombre from `usuarios` where rol=''cliente'' and estado=''1''', 'usuarios', NULL, 'nombre', NULL),
(11, 'Clientes pendientes', 'select email,title as nombre from `usuarios` where rol=''cliente'' and estado=''0''', 'usuarios', NULL, 'nombre', NULL),
(12, 'Proveedor', 'select email,title as nombre from `usuarios` where rol=''proveedor''', 'usuarios', NULL, 'nombre', NULL);

-- --------------------------------------------------------

--
-- Estructura de tabla para la tabla `materials`
--

CREATE TABLE IF NOT EXISTS `materials` (
  `id` int(11) NOT NULL AUTO_INCREMENT,
  `title` varchar(255) NOT NULL,
  `orden` int(11) DEFAULT NULL,
  `activo` int(1) DEFAULT NULL,
  PRIMARY KEY (`id`)
) ENGINE=InnoDB  DEFAULT CHARSET=utf8 AUTO_INCREMENT=12 ;

--
-- Volcado de datos para la tabla `materials`
--

INSERT INTO `materials` (`id`, `title`, `orden`, `activo`) VALUES
(7, 'Cuero', NULL, 1),
(8, 'Lona', NULL, 1),
(9, 'Sintetico', NULL, 1),
(10, 'tela', NULL, 1),
(11, 'Serraje', NULL, 1);

-- --------------------------------------------------------

--
-- Estructura de tabla para la tabla `mensajes`
--

CREATE TABLE IF NOT EXISTS `mensajes` (
  `id` int(11) NOT NULL AUTO_INCREMENT,
  `pedido_id` int(11) DEFAULT NULL,
  `tipo_mensaje` varchar(10) NOT NULL,
  `mensaje` text NOT NULL,
  `tim` timestamp NOT NULL DEFAULT CURRENT_TIMESTAMP,
  PRIMARY KEY (`id`)
) ENGINE=InnoDB  DEFAULT CHARSET=utf8 AUTO_INCREMENT=58 ;

--
-- Volcado de datos para la tabla `mensajes`
--

INSERT INTO `mensajes` (`id`, `pedido_id`, `tipo_mensaje`, `mensaje`, `tim`) VALUES
(1, 1, 'Cliente', 'pruebas hoy', '2013-12-13 18:13:22'),
(2, 1, 'observa', 'ya esta confirmado', '2013-12-13 18:14:44'),
(3, 1, 'Cliente', 'vale then ya', '2013-12-13 18:17:48'),
(4, 1, 'Proveedor', 'todo bien?', '2013-12-13 18:20:59'),
(5, 2, 'Proveedor', 'ok, revisamos su pedido seguidamente.', '2013-12-16 16:55:23'),
(6, 2, 'Proveedor', 'Enviar comentarios al Cliente', '2013-12-16 16:56:21'),
(7, 2, 'observa', 'ya esta.', '2013-12-16 16:57:51'),
(8, 2, 'esperando', 'okk', '2013-12-16 16:58:36'),
(9, 2, 'Proveedor', 'hola marcos, desde este panel de control le pincho en inicio y no reacciona, tendria que llevarme al listado de pedidos.', '2013-12-16 17:05:06'),
(10, 2, 'Proveedor', 'Enviar comentarios al Cliente', '2013-12-16 17:05:21'),
(11, 3, 'Cliente', 'Puedo pagar contrareembolso?', '2013-12-16 19:33:51'),
(12, 3, 'Proveedor', 'he puesto un coment en direccion de facturacion y de envio, esto es solo para que lo pueda poner el cliente, no?', '2013-12-16 19:35:11'),
(13, 3, 'observa', 'pruebas ok?', '2013-12-16 19:38:00'),
(14, 3, 'esperando', 'prueba', '2013-12-16 19:39:16'),
(15, 3, 'esperando', 'prueba', '2013-12-16 19:39:17'),
(16, 3, 'Cliente', 'pregunta a proveedor', '2013-12-17 17:42:57'),
(17, 4, 'Cliente', 'Please send total price for 100 pairs.', '2013-12-17 21:54:20'),
(18, 4, 'Proveedor', 'ok', '2013-12-18 21:26:42'),
(19, 4, 'Proveedor', 'total 춲400.', '2013-12-18 21:39:31'),
(20, 4, 'Proveedor', 'gracias.', '2013-12-18 21:42:38'),
(21, 4, 'observa', 'tiene no intracom?por favor envielo.', '2013-12-18 21:43:08'),
(22, 4, 'Proveedor', 'de acuerdo', '2013-12-18 21:43:44'),
(23, 3, 'Proveedor', 'ok', '2013-12-21 00:48:21'),
(24, 5, 'Proveedor', 'ya lo confirmo', '2014-01-10 16:23:50'),
(25, 6, 'observa', 'ya esta ', '2014-01-10 16:38:06'),
(26, 6, 'Proveedor', 'bien', '2014-01-10 16:38:16'),
(27, 6, 'observa', 'vale', '2014-01-10 16:38:50'),
(28, 6, 'esperando', 'bien', '2014-01-10 16:39:12'),
(29, 8, 'Proveedor', 'todo en stock', '2014-01-13 19:15:03'),
(30, 8, 'observa', 'Su pedido ha si CONFIRMADO. ETC....', '2014-01-13 19:16:58'),
(31, 8, 'Proveedor', 'por favor pague.', '2014-01-13 19:23:44'),
(32, 7, 'esperando', 'Entrada en Agosto.', '2014-01-13 19:25:05'),
(33, 8, 'Proveedor', 'Enviar comentarios al Cliente', '2014-01-14 01:32:09'),
(34, 8, 'Proveedor', 'Enviar comentarios al Cliente', '2014-01-14 01:36:30'),
(35, 10, 'observa', 'ssss', '2014-02-06 18:09:49'),
(36, 15, 'Cliente', 'esto es una prueba', '2014-02-18 03:09:46'),
(37, 15, 'Cliente', 'pruebaaaazssss', '2014-02-18 21:32:07'),
(38, 15, 'Proveedor', 'esta es la contestacion', '2014-02-18 21:34:28'),
(39, 17, 'Proveedor', 'Perfecto', '2014-02-20 23:05:05'),
(40, 9, 'Proveedor', 'Enviar comentarios al Cliente', '2014-02-21 17:10:01'),
(41, 12, 'Proveedor', 'Enviar comentarios al Cliente', '2014-02-22 01:17:57'),
(42, 12, 'Proveedor', 'Enviar comentarios al Cliente', '2014-02-22 01:18:22'),
(43, 8, 'Cliente', 'test desde aqui escribo al proveedor.\r\ntest test test.', '2014-03-10 12:25:25'),
(44, 30, 'Cliente', 'este foro esta bien para seguir el contacto de este pedido pero se queda mas completo si antes de cursar el pedido podemos escribir un comentario para que el cliente sea mas sencillo dejarlo escrito cuando lo va a cursar??', '2014-03-18 09:47:22'),
(45, 27, 'Cliente', 'contacto despues de venta', '2014-03-18 13:27:34'),
(46, 24, 'Proveedor', 'ddddddd', '2014-03-19 11:54:54'),
(47, 27, 'Cliente', 'contact despues de venta 2.', '2014-03-20 13:07:10'),
(48, 32, 'Cliente', 'recibio esto?', '2014-03-20 15:07:21'),
(49, 29, 'Proveedor', 'VALE', '2014-03-21 11:36:34'),
(50, 29, 'observa', 'CONFIRMED', '2014-03-21 11:37:02'),
(51, 29, 'esperando', 'NEXT WEEK IS AVAILABLE', '2014-03-21 11:37:50'),
(52, 13, 'Proveedor', 'Enviar comentarios al Cliente', '2014-03-21 12:39:24'),
(53, 13, 'Cliente', 'hola, que tal', '2014-03-21 12:46:13'),
(54, 32, 'Proveedor', 'Hola, si lo recibi.', '2014-03-24 14:30:56'),
(55, 32, 'Cliente', 'comentario desde orders history', '2014-03-24 15:10:42'),
(56, 8, 'Cliente', 'pregunta desde orders history', '2014-03-24 15:11:20'),
(57, 32, 'Proveedor', 'recibido desde orders history', '2014-03-24 15:13:00');

-- --------------------------------------------------------

--
-- Estructura de tabla para la tabla `messages`
--

CREATE TABLE IF NOT EXISTS `messages` (
  `id` int(11) NOT NULL AUTO_INCREMENT,
  `subject` varchar(100) DEFAULT NULL,
  `message` text NOT NULL,
  `created` date NOT NULL,
  `queued` varchar(10) DEFAULT NULL,
  `count` int(11) NOT NULL DEFAULT '0',
  `format` varchar(4) NOT NULL DEFAULT 'text',
  `limit` int(11) DEFAULT NULL,
  `grupo` varchar(100) DEFAULT NULL,
  `envios` int(11) DEFAULT NULL,
  `grupo_id` int(11) DEFAULT NULL,
  PRIMARY KEY (`id`)
) ENGINE=MyISAM  DEFAULT CHARSET=utf8 AUTO_INCREMENT=3 ;

--
-- Volcado de datos para la tabla `messages`
--

INSERT INTO `messages` (`id`, `subject`, `message`, `created`, `queued`, `count`, `format`, `limit`, `grupo`, `envios`, `grupo_id`) VALUES
(1, 'prueba', 'prueba', '2014-02-19', NULL, 1, 'text', 0, 'Clientes aceptados', 6, 10),
(2, 'prueba decimoarte', 'prueba decimoarte', '2014-02-21', NULL, 1, 'text', 0, 'Proveedor', 4, 12);

-- --------------------------------------------------------

--
-- Estructura de tabla para la tabla `notificaciones`
--

CREATE TABLE IF NOT EXISTS `notificaciones` (
  `id` int(11) NOT NULL AUTO_INCREMENT,
  `user_id` int(11) DEFAULT NULL,
  `text` text,
  `tipo` int(11) DEFAULT NULL,
  `leido` int(11) DEFAULT NULL,
  PRIMARY KEY (`id`)
) ENGINE=InnoDB DEFAULT CHARSET=latin1 AUTO_INCREMENT=1 ;

-- --------------------------------------------------------

--
-- Estructura de tabla para la tabla `paginas`
--

CREATE TABLE IF NOT EXISTS `paginas` (
  `id` int(11) NOT NULL AUTO_INCREMENT,
  `html` longtext NOT NULL,
  `nombre` varchar(255) DEFAULT NULL,
  `fechahora` timestamp NOT NULL DEFAULT CURRENT_TIMESTAMP,
  PRIMARY KEY (`id`)
) ENGINE=InnoDB  DEFAULT CHARSET=latin1 AUTO_INCREMENT=57 ;

--
-- Volcado de datos para la tabla `paginas`
--

INSERT INTO `paginas` (`id`, `html`, `nombre`, `fechahora`) VALUES
(50, '<p><img style="" src="/img/plantillas/img50fc6f5fcacceimages8.jpg"></p><br>\r\n<h4>"Neque porro quisquam est qui dolorem ipsum quia dolor sit amet, consectetur, adipisci velit..."</h4>\r\n\r\n\r\n<br>\r\n<h5>"There is no one who loves pain itself, who seeks after it and wants to have it, simply because it is pain..."<br>\r\n</h5>\r\n\r\n<p><a href="http://www.cafepress.com/lipsum/"><img style=""></a></p>\r\n\r\n<p><br></p><p>Lorem ipsum dolor sit amet, consectetur adipiscing elit. Curabitur ut elit in mi laoreet semper non eget felis. Quisque ac mauris ac turpis posuere tincidunt. Donec eleifend, risus eget faucibus dignissim, mauris risus ultrices leo, eu ullamcorper eros purus vel nibh. Etiam tincidunt ligula ut mauris eleifend bibendum. Sed gravida vehicula justo, in commodo augue vehicula at. Vivamus vestibulum, metus id placerat tempor, elit urna pellentesque lorem, nec gravida erat lectus in dui. Mauris id aliquam velit. Ut venenatis urna nec diam consequat et euismod justo fermentum. Maecenas erat nisl, fringilla vitae faucibus sit amet, ultrices ornare urna. Morbi suscipit, erat vel placerat dapibus, ipsum urna malesuada diam, sit amet cursus est nibh id risus. Nullam vel purus lorem.</p>\r\n\r\n<p>Praesent eleifend risus sed tellus egestas dapibus. Cras nibh felis, rutrum quis tempus eget, molestie ac justo. Donec sed adipiscing tortor. Maecenas ipsum metus, faucibus vitae pulvinar at, egestas et diam. Nunc eget quam non est pellentesque pulvinar sed sit amet ante. Praesent viverra volutpat purus, tempor molestie est volutpat mollis. Sed aliquet elit vel tellus fringilla ullamcorper. Lorem ipsum dolor sit amet, consectetur adipiscing elit. Proin malesuada malesuada justo at tempus. Integer vitae dolor magna. Praesent eget aliquam lacus.</p>\r\n', 'contacto_esp', '0000-00-00 00:00:00'),
(51, '<p><img style="" src="/img/plantillas/img50fc6fa6d8eceL0291555704GALAXYMETALBAMBEADOPLUTONCLEMENTSALUSimagelarge.jpg"></p>\r\n<br>\r\n<h4>"Neque porro quisquam est qui dolorem ipsum quia dolor sit amet, consectetur, adipisci velit..."</h4>\r\n<br>\r\n<h5>"There is no one who loves pain itself, who seeks after it and wants to have it, simply because it is pain..."<br>\r\n</h5>\r\n\r\n<p>PRUEBA ipsum dolor sit amet, consectetur adipiscing elit. Curabitur ut elit in mi laoreet semper non eget felis. Quisque ac mauris ac turpis posuere tincidunt. Donec eleifend, risus eget faucibus dignissim, mauris risus ultrices leo, eu ullamcorper eros purus vel nibh. Etiam tincidunt ligula ut mauris eleifend bibendum. Sed gravida vehicula justo, in commodo augue vehicula at. Vivamus vestibulum, metus id placerat tempor, elit urna pellentesque lorem, nec gravida erat lectus in dui. Mauris id aliquam velit. Ut venenatis urna nec diam consequat et euismod justo fermentum. Maecenas erat nisl, fringilla vitae faucibus sit amet, ultrices ornare urna. Morbi suscipit, erat vel placerat dapibus, ipsum urna malesuada diam, sit amet cursus est nibh id risus. Nullam vel purus lorem.</p>\r\n\r\n<p>Praesent eleifend risus sed tellus egestas dapibus. Cras nibh felis, rutrum quis tempus eget, molestie ac justo. Donec sed adipiscing tortor. Maecenas ipsum metus, faucibus vitae pulvinar at, egestas et diam. Nunc eget quam non est pellentesque pulvinar sed sit amet ante. Praesent viverra volutpat purus, tempor molestie est volutpat mollis. Sed aliquet elit vel tellus fringilla ullamcorper. Lorem ipsum dolor sit amet, consectetur adipiscing elit. Proin malesuada malesuada justo at tempus. Integer vitae dolor magna. Praesent eget aliquam lacus.</p>', 'privacidad_esp', '0000-00-00 00:00:00'),
(52, '<br>\r\n<h4>"Neque porro quisquam est qui dolorem ipsum quia dolor sit amet, consectetur, adipisci velit..."</h4>\r\n\r\n<p><img style="" src="/kalzados/img/plantillas/img50faedfdaa268images2.jpg"></p>\r\n<br>\r\n<h5>"There is no one who loves pain itself, who seeks after it and wants to have it, simply because it is pain..."<br>\r\n</h5>\r\n\r\n<p>Lorem ipsum dolor sit amet, consectetur adipiscing elit. Curabitur ut elit in mi laoreet semper non eget felis. Quisque ac mauris ac turpis posuere tincidunt. Donec eleifend, risus eget faucibus dignissim, mauris risus ultrices leo, eu ullamcorper eros purus vel nibh. Etiam tincidunt ligula ut mauris eleifend bibendum. Sed gravida vehicula justo, in commodo augue vehicula at. Vivamus vestibulum, metus id placerat tempor, elit urna pellentesque lorem, nec gravida erat lectus in dui. Mauris id aliquam velit. Ut venenatis urna nec diam consequat et euismod justo fermentum. Maecenas erat nisl, fringilla vitae faucibus sit amet, ultrices ornare urna. Morbi suscipit, erat vel placerat dapibus, ipsum urna malesuada diam, sit amet cursus est nibh id risus. Nullam vel purus lorem.</p>\r\n\r\n<p>Praesent eleifend risus sed tellus egestas dapibus. Cras nibh felis, rutrum quis tempus eget, molestie ac justo. Donec sed adipiscing tortor. Maecenas ipsum metus, faucibus vitae pulvinar at, egestas et diam. Nunc eget quam non est pellentesque pulvinar sed sit amet ante. Praesent viverra volutpat purus, tempor molestie est volutpat mollis. Sed aliquet elit vel tellus fringilla ullamcorper. Lorem ipsum dolor sit amet, consectetur adipiscing elit. Proin malesuada malesuada justo at tempus. Integer vitae dolor magna. Praesent eget aliquam lacus.</p>', 'privacidad_eng', '0000-00-00 00:00:00'),
(53, '<br>\r\n<h4>"Neque porro quisquam est qui dolorem ipsum quia dolor sit amet, consectetur, adipisci velit..."</h4>\r\n\r\n<p><img style="" src="/kalzados/img/plantillas/img50faedfdaa268images2.jpg"></p>\r\n<br>\r\n<h5>"There is no one who loves pain itself, who seeks after it and wants to have it, simply because it is pain..."<br>\r\n</h5>\r\n\r\n<p>Lorem ipsum dolor sit amet, consectetur adipiscing elit. Curabitur ut elit in mi laoreet semper non eget felis. Quisque ac mauris ac turpis posuere tincidunt. Donec eleifend, risus eget faucibus dignissim, mauris risus ultrices leo, eu ullamcorper eros purus vel nibh. Etiam tincidunt ligula ut mauris eleifend bibendum. Sed gravida vehicula justo, in commodo augue vehicula at. Vivamus vestibulum, metus id placerat tempor, elit urna pellentesque lorem, nec gravida erat lectus in dui. Mauris id aliquam velit. Ut venenatis urna nec diam consequat et euismod justo fermentum. Maecenas erat nisl, fringilla vitae faucibus sit amet, ultrices ornare urna. Morbi suscipit, erat vel placerat dapibus, ipsum urna malesuada diam, sit amet cursus est nibh id risus. Nullam vel purus lorem.</p>\r\n\r\n<p>Praesent eleifend risus sed tellus egestas dapibus. Cras nibh felis, rutrum quis tempus eget, molestie ac justo. Donec sed adipiscing tortor. Maecenas ipsum metus, faucibus vitae pulvinar at, egestas et diam. Nunc eget quam non est pellentesque pulvinar sed sit amet ante. Praesent viverra volutpat purus, tempor molestie est volutpat mollis. Sed aliquet elit vel tellus fringilla ullamcorper. Lorem ipsum dolor sit amet, consectetur adipiscing elit. Proin malesuada malesuada justo at tempus. Integer vitae dolor magna. Praesent eget aliquam lacus.</p>', 'terminos_esp', '0000-00-00 00:00:00'),
(54, '<div class="container fix">\r\n<h2>What are cookies?</h2>\r\n\r\n<p>Cookies are small text files&nbsp;placed on your computer by websites you visit.<br>\r\n<br>\r\n They are widely used to make websites work more efficiently for visitors,&nbsp;and to provide information to the owners of the site. Some of the cookies we use are essential in order for parts of the website to operate. In the table below we have given a description and purpose for each cookie we use.</p>\r\n<h2>How do we use cookies on the website?</h2>\r\n\r\n<p>We use cookies on the website for our own internal purposes, to track how users navigate through the website. This helps us to evaluate and improve the SpanishWholeSale website and our online services.&nbsp;</p>\r\n\r\n<p>We use information derived from cookies in order to &nbsp;maintain your confidentiality and security as you move through secure or password protected areas of the our websites.</p>\r\n<h2>Our Cookies</h2>\r\n\r\n<p>We use cookies on the website for our own internal purposes</p>\r\n\r\n<table>\r\n<tbody>\r\n	<tr>\r\n		<td>\r\n<p><strong>No.</strong></p>\r\n</td>\r\n\r\n		<td>\r\n<p><strong>Where?</strong></p>\r\n</td>\r\n\r\n		<td>\r\n<p><strong>Cookie name</strong></p>\r\n</td>\r\n\r\n		<td>\r\n<p><strong>Description</strong></p>\r\n</td>\r\n	</tr>\r\n\r\n	<tr>\r\n		<td>\r\n<p>&nbsp;1</p>\r\n</td>\r\n\r\n		<td>\r\n<p>General</p>\r\n</td>\r\n\r\n		<td>\r\n<p>$_SESSION[''Usuario''][''id]&nbsp;</p>\r\n</td>\r\n\r\n		<td>\r\n<p>Used for logs and maintenance.<br>\r\n Closes when you exit the browser.</p>\r\n</td>\r\n	</tr>\r\n</tbody>\r\n</table>\r\n<br>\r\n</div>', 'terminos_eng', '0000-00-00 00:00:00'),
(55, '<br>\r\n<h4>"Neque porro quisquam est qui dolorem ipsum quia dolor sit amet, consectetur, adipisci velit..."</h4>\r\n\r\n<p><img style="" src="/kalzados/img/plantillas/img50faedfdaa268images2.jpg"></p>\r\n<br>\r\n<h5>"There is no one who loves pain itself, who seeks after it and wants to have it, simply because it is pain..."<br>\r\n</h5>\r\n\r\n<p>Lorem ipsum dolor sit amet, consectetur adipiscing elit. Curabitur ut elit in mi laoreet semper non eget felis. Quisque ac mauris ac turpis posuere tincidunt. Donec eleifend, risus eget faucibus dignissim, mauris risus ultrices leo, eu ullamcorper eros purus vel nibh. Etiam tincidunt ligula ut mauris eleifend bibendum. Sed gravida vehicula justo, in commodo augue vehicula at. Vivamus vestibulum, metus id placerat tempor, elit urna pellentesque lorem, nec gravida erat lectus in dui. Mauris id aliquam velit. Ut venenatis urna nec diam consequat et euismod justo fermentum. Maecenas erat nisl, fringilla vitae faucibus sit amet, ultrices ornare urna. Morbi suscipit, erat vel placerat dapibus, ipsum urna malesuada diam, sit amet cursus est nibh id risus. Nullam vel purus lorem.</p>\r\n\r\n<p>Praesent eleifend risus sed tellus egestas dapibus. Cras nibh felis, rutrum quis tempus eget, molestie ac justo. Donec sed adipiscing tortor. Maecenas ipsum metus, faucibus vitae pulvinar at, egestas et diam. Nunc eget quam non est pellentesque pulvinar sed sit amet ante. Praesent viverra volutpat purus, tempor molestie est volutpat mollis. Sed aliquet elit vel tellus fringilla ullamcorper. Lorem ipsum dolor sit amet, consectetur adipiscing elit. Proin malesuada malesuada justo at tempus. Integer vitae dolor magna. Praesent eget aliquam lacus.</p>', 'nosotros_esp', '0000-00-00 00:00:00'),
(56, '<br>\r\n<h4>"Neque porro quisquam est qui dolorem ipsum quia dolor sit amet, consectetur, adipisci velit..."</h4>\r\n\r\n<p><img style="" src="/kalzados/img/plantillas/img50faedfdaa268images2.jpg"></p>\r\n<br>\r\n<h5>"There is no one who loves pain itself, who seeks after it and wants to have it, simply because it is pain..."<br>\r\n</h5>\r\n\r\n<p>Lorem ipsum dolor sit amet, consectetur adipiscing elit. Curabitur ut elit in mi laoreet semper non eget felis. Quisque ac mauris ac turpis posuere tincidunt. Donec eleifend, risus eget faucibus dignissim, mauris risus ultrices leo, eu ullamcorper eros purus vel nibh. Etiam tincidunt ligula ut mauris eleifend bibendum. Sed gravida vehicula justo, in commodo augue vehicula at. Vivamus vestibulum, metus id placerat tempor, elit urna pellentesque lorem, nec gravida erat lectus in dui. Mauris id aliquam velit. Ut venenatis urna nec diam consequat et euismod justo fermentum. Maecenas erat nisl, fringilla vitae faucibus sit amet, ultrices ornare urna. Morbi suscipit, erat vel placerat dapibus, ipsum urna malesuada diam, sit amet cursus est nibh id risus. Nullam vel purus lorem.</p>\r\n\r\n<p>Praesent eleifend risus sed tellus egestas dapibus. Cras nibh felis, rutrum quis tempus eget, molestie ac justo. Donec sed adipiscing tortor. Maecenas ipsum metus, faucibus vitae pulvinar at, egestas et diam. Nunc eget quam non est pellentesque pulvinar sed sit amet ante. Praesent viverra volutpat purus, tempor molestie est volutpat mollis. Sed aliquet elit vel tellus fringilla ullamcorper. Lorem ipsum dolor sit amet, consectetur adipiscing elit. Proin malesuada malesuada justo at tempus. Integer vitae dolor magna. Praesent eget aliquam lacus.</p>', 'nostros_eng', '0000-00-00 00:00:00');

-- --------------------------------------------------------

--
-- Estructura de tabla para la tabla `pedidos`
--

CREATE TABLE IF NOT EXISTS `pedidos` (
  `id` int(11) NOT NULL AUTO_INCREMENT,
  `usuario_id` int(11) DEFAULT NULL,
  `re` int(11) DEFAULT NULL,
  `iva` int(11) DEFAULT NULL,
  `di_factura` text,
  `di_envio` text,
  `comentarios` text,
  `confirmado` int(1) NOT NULL DEFAULT '0',
  `esperando_mercancia` int(1) NOT NULL DEFAULT '0',
  `enviado` int(1) NOT NULL DEFAULT '0',
  `anulado` int(1) NOT NULL DEFAULT '0',
  `tim` timestamp NOT NULL DEFAULT CURRENT_TIMESTAMP,
  `forma_pago` varchar(40) DEFAULT NULL,
  `fecha_salida` varchar(200) DEFAULT NULL,
  `causa_anulacion` varchar(200) DEFAULT NULL,
  `proveedor` int(11) DEFAULT NULL,
  `transporte` int(11) DEFAULT NULL,
  `empresa_transporte` varchar(255) DEFAULT NULL,
  `portes` double(15,2) DEFAULT NULL,
  `resave` double(15,2) DEFAULT NULL,
  `ivasave` double(15,2) DEFAULT NULL,
  `estado` int(1) NOT NULL DEFAULT '0',
  `pagado` int(1) NOT NULL DEFAULT '0',
  `existencias` int(11) DEFAULT NULL,
  `revisado` int(1) NOT NULL DEFAULT '0',
  `mensaje` int(1) DEFAULT '0',
  PRIMARY KEY (`id`)
) ENGINE=InnoDB  DEFAULT CHARSET=utf8 AUTO_INCREMENT=39 ;

--
-- Volcado de datos para la tabla `pedidos`
--

INSERT INTO `pedidos` (`id`, `usuario_id`, `re`, `iva`, `di_factura`, `di_envio`, `comentarios`, `confirmado`, `esperando_mercancia`, `enviado`, `anulado`, `tim`, `forma_pago`, `fecha_salida`, `causa_anulacion`, `proveedor`, `transporte`, `empresa_transporte`, `portes`, `resave`, `ivasave`, `estado`, `pagado`, `existencias`, `revisado`, `mensaje`) VALUES
(1, 88, 0, 1, '  calle               hhhhhhh ', 'vaaa', NULL, 1, 0, 1, 0, '2013-12-13 17:39:54', NULL, '14/12/2013', NULL, 89, NULL, '87', 75.00, 5.20, 21.00, 1, 1, NULL, 1, 0),
(2, 91, 0, 1, '                  estos cuadros no son para mijjj', 'estos cuadros no son para mi', NULL, 1, 1, 1, 1, '2013-12-16 01:15:54', NULL, '14/12/2013', 'okkk', 89, NULL, '87', 10.00, 5.20, 21.00, 1, 1, 1, 1, 0),
(3, 92, 0, 1, '             esto es lo que escribo     ', '  esto es lo que escribo   ', NULL, 1, 1, 1, 1, '2013-12-16 18:25:11', NULL, '14/12/2013', 'okkk', 89, NULL, '87', 100.00, 5.20, 21.00, 1, 0, 1, 1, 0),
(4, 92, 0, 1, '                  ', '', NULL, 1, 0, 0, 0, '2013-12-17 21:51:03', NULL, NULL, NULL, 94, NULL, NULL, 0.00, 5.20, 21.00, 1, 0, NULL, 1, 0),
(5, 88, 0, 1, '                  ', '', NULL, 1, 0, 1, 0, '2014-01-10 14:36:47', NULL, '', NULL, 89, NULL, '0', NULL, 0.00, 21.00, 1, 0, 1, 1, 0),
(6, 88, 0, 1, '        calle a          ', 'calle b', NULL, 1, 1, 1, 1, '2014-01-10 16:25:00', NULL, '02/01/2014', 'bien', 89, NULL, '87', NULL, 0.00, 21.00, 1, 0, NULL, 1, 0),
(7, 92, 0, 1, '                  ', '', NULL, 1, 1, 0, 1, '2014-01-13 19:11:11', NULL, NULL, 'Cliente no paga.', 95, NULL, NULL, 15.00, 5.20, 21.00, 0, 0, 1, 1, 0),
(8, 92, 0, 1, '                 ', '', NULL, 1, 0, 1, 0, '2014-01-13 19:12:29', NULL, '21/01/2014', NULL, 95, NULL, '87', 0.00, 5.20, 21.00, 1, 1, 1, 1, 1),
(9, 88, 0, 1, '                  ', '', NULL, 1, 0, 0, 0, '2014-01-13 22:49:26', NULL, NULL, NULL, 95, NULL, NULL, NULL, 0.00, 21.00, 1, 1, 1, 1, 0),
(10, 88, 0, 1, ' sss                 ', 'ssss', NULL, 1, 0, 1, 0, '2014-02-04 22:10:49', NULL, '', NULL, 89, NULL, '0', 75.00, 5.20, 21.00, 1, 0, 1, 1, 0),
(12, 98, 0, 1, '                  ', '', NULL, 1, 0, 0, 0, '2014-02-13 14:46:44', NULL, NULL, NULL, 89, NULL, NULL, 175.00, 5.20, 21.00, 0, 0, NULL, 1, 0),
(13, 98, 0, 1, 'la misma', 'la misma tambien', NULL, 1, 0, 0, 0, '2014-02-13 14:57:37', NULL, NULL, NULL, 95, NULL, NULL, NULL, 0.00, 21.00, 1, 0, 1, 1, 1),
(14, 91, 1, 1, '', '', NULL, 1, 0, 0, 0, '2014-02-13 21:09:54', NULL, NULL, NULL, 93, NULL, NULL, 108.00, 5.20, 21.00, 0, 0, NULL, 1, 0),
(15, 91, 1, 1, '', '', NULL, 1, 0, 0, 0, '2014-02-13 21:11:18', NULL, NULL, NULL, 89, NULL, NULL, 10.00, 5.20, 21.00, 0, 0, NULL, 1, 0),
(16, 91, 1, 1, NULL, NULL, NULL, 0, 0, 0, 0, '2014-02-18 01:30:33', NULL, NULL, NULL, 93, NULL, NULL, NULL, 5.20, 21.00, 0, 0, NULL, 0, 0),
(17, 102, 0, 0, 'progreso 2', 'progreso 2', NULL, 1, 0, 1, 0, '2014-02-20 22:59:55', NULL, '20/02/2014', NULL, 89, NULL, '87', 10.00, 5.20, 21.00, 1, 1, NULL, 1, 0),
(18, 102, 1, 0, 'progreso 2', 'progreso 2', NULL, 2, 0, 0, 0, '2014-02-21 11:21:13', NULL, '21/02/2014', NULL, 103, NULL, NULL, 25.00, 5.20, 21.00, 1, 1, NULL, 1, 0),
(20, 102, 0, 0, NULL, NULL, NULL, 0, 0, 0, 0, '2014-02-21 13:33:19', NULL, NULL, NULL, 89, NULL, NULL, NULL, 0.00, 0.00, 0, 0, NULL, 0, 0),
(21, 91, 1, 1, '', '', NULL, 1, 0, 0, 0, '2014-02-25 20:11:01', NULL, NULL, NULL, 104, NULL, NULL, 0.00, 5.20, 21.00, 0, 0, NULL, 1, 0),
(22, 91, 1, 1, NULL, NULL, NULL, 0, 0, 0, 0, '2014-02-25 20:20:51', NULL, NULL, NULL, 89, NULL, NULL, NULL, 5.20, 21.00, 0, 0, NULL, 0, 0),
(23, 102, 0, 0, NULL, NULL, NULL, 0, 0, 0, 0, '2014-03-03 16:36:20', NULL, NULL, NULL, 103, NULL, NULL, NULL, 0.00, 0.00, 0, 0, NULL, 0, 0),
(24, 97, 0, 1, '', '', NULL, 2, 0, 0, 0, '2014-03-06 16:54:09', NULL, NULL, NULL, 89, NULL, NULL, NULL, 0.00, 21.00, 0, 0, NULL, 1, 0),
(27, 92, 0, 1, 'C/ Jose de', 'C/ Mariano', NULL, 1, 0, 0, 0, '2014-03-14 14:55:31', NULL, NULL, NULL, 95, NULL, NULL, NULL, 0.00, 21.00, 0, 0, NULL, 1, 1),
(29, 98, 0, 1, 'no hay comentarios para hacer al vendedor', 'no hay comentarios para hacer al vendedor', NULL, 1, 1, 1, 1, '2014-03-18 09:36:42', NULL, '21/03/2014', 'NO PAGA', 89, NULL, '87', 1.00, 5.20, 21.00, 1, 1, NULL, 1, 0),
(30, 98, 0, 1, 'hola, no se donde escribirte un comentario, necesito que el envio sea el lunes', 'hola, no se donde escribirte un comentario, necesito que el envio sea el lunes', NULL, 1, 0, 0, 0, '2014-03-18 09:43:10', NULL, NULL, NULL, 104, NULL, NULL, NULL, 0.00, 21.00, 0, 0, NULL, 0, 1),
(31, 92, 0, 1, 'C/ Jose de', 'C/ Mariano', NULL, 1, 0, 0, 0, '2014-03-20 12:07:40', NULL, NULL, NULL, 95, NULL, NULL, NULL, 0.00, 21.00, 0, 0, NULL, 0, 0),
(32, 92, 0, 1, 'C/ Jose de', 'C/ Mariano', NULL, 1, 0, 0, 0, '2014-03-20 12:13:56', NULL, NULL, NULL, 93, NULL, NULL, 45.00, 5.20, 21.00, 0, 0, NULL, 1, 0),
(33, 98, 0, 1, '1', '2', NULL, 1, 0, 0, 0, '2014-03-24 19:33:40', NULL, NULL, NULL, 89, NULL, NULL, NULL, 0.00, 21.00, 0, 0, NULL, 0, 0),
(34, 98, 0, 1, '', '', NULL, 1, 0, 0, 0, '2014-03-24 19:36:14', NULL, NULL, NULL, 93, NULL, NULL, NULL, 0.00, 21.00, 0, 0, NULL, 0, 0),
(35, 92, 0, 1, 'C/ Jose de', 'C/ Mariano', NULL, 1, 0, 0, 0, '2014-03-25 11:36:32', NULL, NULL, NULL, 93, NULL, NULL, NULL, 0.00, 21.00, 0, 0, NULL, 0, 0),
(36, 92, 0, 1, 'C/ Jose de', 'C/ Mariano', NULL, 1, 0, 0, 0, '2014-03-26 11:59:06', NULL, NULL, NULL, 93, NULL, NULL, NULL, 0.00, 21.00, 0, 0, NULL, 1, 0),
(37, 102, 0, 0, 'jacinto benavente', 'progreso 2', NULL, 1, 0, 0, 0, '2014-04-02 16:50:54', NULL, NULL, NULL, 93, NULL, NULL, NULL, 0.00, 0.00, 0, 0, NULL, 0, 0),
(38, 106, 0, 0, '', '', NULL, 1, 0, 1, 0, '2014-04-21 17:04:19', NULL, '21/04/2014', NULL, 89, NULL, '87', 125.00, 5.20, 21.00, 1, 1, NULL, 0, 0);

-- --------------------------------------------------------

--
-- Estructura de tabla para la tabla `plantillas`
--

CREATE TABLE IF NOT EXISTS `plantillas` (
  `id` int(11) NOT NULL AUTO_INCREMENT,
  `html` longtext NOT NULL,
  `nombre` varchar(255) DEFAULT NULL,
  `fechahora` timestamp NOT NULL DEFAULT CURRENT_TIMESTAMP,
  PRIMARY KEY (`id`)
) ENGINE=InnoDB  DEFAULT CHARSET=latin1 AUTO_INCREMENT=63 ;

--
-- Volcado de datos para la tabla `plantillas`
--

INSERT INTO `plantillas` (`id`, `html`, `nombre`, `fechahora`) VALUES
(38, '<table cellpadding="0" cellspacing="0" width="100%">\r\n<tbody>\r\n	<tr>\r\n		<td bgcolor="#660000" height="38" width="100%"><!-- newsletter --></td>\r\n	</tr>\r\n\r\n	<tr>\r\n		<td style="border-bottom: 2px solid #660000;" align="center" valign="top">\r\n<table width="800">\r\n<tbody>\r\n	<tr>\r\n		<td><a href="http://spanishwholesale.com" target="_blank" title="SpanishWholesale"><img style="border: 0px none;" src="http://spanishwholesale.com/img/logoe.png" height="93" width="244"></a></td>\r\n	</tr>\r\n</tbody>\r\n</table>\r\n</td>\r\n	</tr>\r\n\r\n	<tr>\r\n		<td align="center" valign="top">\r\n<table width="750">\r\n<tbody>\r\n	<tr>\r\n		<td><h1 style="font-family: Myriad Pro; font-size: 32px; color: #660000; font-weight: normal;">Bienvenido a SpanishWholesale</h1>\r\n<h2 style="font-family: Arial; font-size: 19px; color: #2d2d2d; font-weight: bold; ">La web de venta de calzados de todo tipo.</h2>\r\n\r\n<p style="font-family: Arial; color: #2d2d2d; font-size: 19px;"> Por favor valida tu registro, haz click <a href="<?php echo $_SERVER[''SERVER_NAME''] ?>/cliente/usuarios/activar/<?php echo $activecode?>" style="color: #FF6602;"><span style="color: #FF6602;">aqu칤</span></a>, o copia la siguiente direcci칩n en tu navegador: <br>\r\n<a href="http://<?php echo $_SERVER[''SERVER_NAME''] ?>/cliente/usuarios/activar/<?php echo $activecode ?>" style="color: #FF6602;"><span style="color: #FF6602;">http://<!--?php echo $_SERVER[''SERVER_NAME''] ?-->/cliente/usuarios/activar/<!--?php echo $activecode?--></span></a><br>\r\n<br>\r\n<br>\r\n<br>\r\n</p>\r\n</td>\r\n	</tr>\r\n</tbody>\r\n</table>\r\n</td>\r\n	</tr>\r\n\r\n	<tr>\r\n		<td align="center" bgcolor="#2d2d2d" valign="top">\r\n<table width="800">\r\n<tbody>\r\n	<tr>\r\n		<td><a style="float: right;" href="http://spanishwholesale.com" target="_blank" title="SpanishWholesale"><img style="border: 0px none;" src="http://spanishwholesale.com/img/logof.png" height="67" width="159"></a></td>\r\n	</tr>\r\n</tbody>\r\n</table>\r\n</td>\r\n	</tr>\r\n\r\n	<tr>\r\n		<td align="center" valign="top">\r\n<table width="800">\r\n<tbody>\r\n	<tr>\r\n		<td><h3 style="text-align: center; font-size: 19px; color: #000000; font-family: arial; padding-top: 10px; "> info@spanishwholesale.com</h3>\r\n</td>\r\n	</tr>\r\n</tbody>\r\n</table>\r\n</td>\r\n	</tr>\r\n</tbody>\r\n</table>', 'eng_registro_usuario', '0000-00-00 00:00:00'),
(39, '<table width="100%" cellpadding="0" cellspacing="0">\r\n   <tr>\r\n      <td  width="100%" height="38" bgcolor="#660000">\r\n         <!--  newsletter -->\r\n      </td>\r\n   </tr>\r\n   \r\n       <tr>\r\n       <td valign="top" align="center" style="border-bottom: 2px solid #660000;">\r\n       <table width="800">\r\n       <tr>\r\n           <td>\r\n              <a href="http://spanishwholesale.com" target="_blank" title="SpanishWholesale">\r\n                <img style="border: 0;" src="http://spanishwholesale.com/img/logoe.png" width="244" height="93" />\r\n              </a>\r\n           </td>\r\n       </tr>\r\n       </table>\r\n       </td>\r\n       \r\n       </tr>\r\n   \r\n     <tr>\r\n       <td valign="top" align="center">\r\n       <table width="750">\r\n       <tr>\r\n           <td>\r\n              <h1 style="font-family: Myriad Pro; font-size: 32px; color: #660000; font-weight: normal;">Bienvenido a SpanishWholesale</h1>\r\n              <h2 style="font-family: Arial; font-size: 19px; color: #2d2d2d; font-weight: bold; ">La web de venta de calzados de todo tipo.</h2>\r\n              \r\n              <p style="font-family: Arial; color: #2d2d2d; font-size: 19px;">\r\n              Un usuario se registro, rev&iacute;salo en un panel de gesti&oacute;n, haz <a target="_blank" href="http://spanishwholesale.com/admin"> \r\n              click aqu&iacute;</a>\r\n              <br /><br />              \r\n              </p>\r\n           </td>\r\n       </tr>\r\n       </table>\r\n       </td>\r\n     </tr>\r\n     \r\n     <tr>\r\n           <td valign="top" align="center" bgcolor="#2d2d2d"  >\r\n               <table width="800">\r\n                   <tr>\r\n                       <td>\r\n                          <a style="float: right;" href="http://spanishwholesale.com" target="_blank" title="SpanishWholesale">\r\n                            <img style="border: 0;" src="http://spanishwholesale.com/img/logof.png" width="159" height="67" />\r\n                          </a>\r\n                       </td>\r\n                   </tr>\r\n               </table>\r\n           </td>\r\n      </tr>\r\n\r\n     <tr>\r\n           <td valign="top" align="center"  >\r\n               <table width="800">\r\n                   <tr>\r\n                       <td>\r\n                          <h3 style="text-align: center; font-size: 19px; color: #000000; font-family: arial; padding-top: 10px; ">\r\n                          info@spanishwholesale.com\r\n                          </h3>\r\n                       </td>\r\n                   </tr>\r\n               </table>\r\n           </td>\r\n      </tr>\r\n</table>', 'registro_usuario_admin', '0000-00-00 00:00:00'),
(48, '<table width="100%" cellpadding="0" cellspacing="0">\r\n   <tr>\r\n      <td  width="100%" height="38" bgcolor="#660000">\r\n         <!--  newsletter -->\r\n      </td>\r\n   </tr>\r\n   \r\n       <tr>\r\n       <td valign="top" align="center" style="border-bottom: 2px solid #660000;">\r\n       <table width="800">\r\n       <tr>\r\n           <td>\r\n              <a href="http://spanishwholesale.com" target="_blank" title="SpanishWholesale">\r\n                <img style="border: 0;" src="http://spanishwholesale.com/img/logoe.png" width="244" height="93" />\r\n              </a>\r\n           </td>\r\n       </tr>\r\n       </table>\r\n       </td>\r\n       \r\n       </tr>\r\n   \r\n     <tr>\r\n       <td valign="top" align="center">\r\n       <table width="750">\r\n       <tr>\r\n           <td>\r\n              <h1 style="font-family: Myriad Pro; font-size: 32px; color: #660000; font-weight: normal;">Bienvenido a SpanishWholesale</h1>\r\n              <h2 style="font-family: Arial; font-size: 19px; color: #2d2d2d; font-weight: bold; ">La web de venta de calzados de todo tipo.</h2>\r\n              \r\n              <p style="font-family: Arial; color: #2d2d2d; font-size: 19px;">\r\n              Se realizo un pedido, por favor rev&iacute;salo en un panel de gesti&oacute;n, haz \r\n              <a target="_blank" href="http://spanishwholesale.com/"> click aqu&iacute;</a>\r\n              <br /><br />              \r\n              </p>\r\n           </td>\r\n       </tr>\r\n       </table>\r\n       </td>\r\n     </tr>\r\n     \r\n     <tr>\r\n           <td valign="top" align="center" bgcolor="#2d2d2d"  >\r\n               <table width="800">\r\n                   <tr>\r\n                       <td>\r\n                          <a style="float: right;" href="http://spanishwholesale.com" target="_blank" title="SpanishWholesale">\r\n                            <img style="border: 0;" src="http://spanishwholesale.com/img/logof.png" width="159" height="67" />\r\n                          </a>\r\n                       </td>\r\n                   </tr>\r\n               </table>\r\n           </td>\r\n      </tr>\r\n\r\n     <tr>\r\n           <td valign="top" align="center"  >\r\n               <table width="800">\r\n                   <tr>\r\n                       <td>\r\n                          <h3 style="text-align: center; font-size: 19px; color: #000000; font-family: arial; padding-top: 10px; ">\r\n                          info@spanishwholesale.com\r\n                          </h3>\r\n                       </td>\r\n                   </tr>\r\n               </table>\r\n           </td>\r\n      </tr>\r\n</table>', 'nuevo_pedido_admin', '0000-00-00 00:00:00'),
(49, '<table width="100%" cellpadding="0" cellspacing="0">\r\n   <tr>\r\n      <td  width="100%" height="38" bgcolor="#660000">\r\n         <!--  newsletter -->\r\n      </td>\r\n   </tr>\r\n   \r\n       <tr>\r\n       <td valign="top" align="center" style="border-bottom: 2px solid #660000;">\r\n       <table width="800">\r\n       <tr>\r\n           <td>\r\n              <a href="http://spanishwholesale.com" target="_blank" title="SpanishWholesale">\r\n                <img style="border: 0;" src="http://spanishwholesale.com/img/logoe.png" width="244" height="93" />\r\n              </a>\r\n           </td>\r\n       </tr>\r\n       </table>\r\n       </td>\r\n       \r\n       </tr>\r\n   \r\n     <tr>\r\n       <td valign="top" align="center">\r\n       <table width="750">\r\n       <tr>\r\n           <td>\r\n              <h1 style="font-family: Myriad Pro; font-size: 32px; color: #660000; font-weight: normal;">Bienvenido a SpanishWholesale</h1>\r\n              <h2 style="font-family: Arial; font-size: 19px; color: #2d2d2d; font-weight: bold; ">La web de venta de calzados de todo tipo.</h2>\r\n              \r\n              <p style="font-family: Arial; color: #2d2d2d; font-size: 19px;">\r\n              Se realizo un pedido, por favor rev&iacute;salo en un panel de gesti&oacute;n, haz \r\n              <a target="_blank" href="http://spanishwholesale.com/"> click aqu&iacute;</a>\r\n              <br /><br />              \r\n              </p>\r\n           </td>\r\n       </tr>\r\n       </table>\r\n       </td>\r\n     </tr>\r\n     \r\n     <tr>\r\n           <td valign="top" align="center" bgcolor="#2d2d2d"  >\r\n               <table width="800">\r\n                   <tr>\r\n                       <td>\r\n                          <a style="float: right;" href="http://spanishwholesale.com" target="_blank" title="SpanishWholesale">\r\n                            <img style="border: 0;" src="http://spanishwholesale.com/img/logof.png" width="159" height="67" />\r\n                          </a>\r\n                       </td>\r\n                   </tr>\r\n               </table>\r\n           </td>\r\n      </tr>\r\n\r\n     <tr>\r\n           <td valign="top" align="center"  >\r\n               <table width="800">\r\n                   <tr>\r\n                       <td>\r\n                          <h3 style="text-align: center; font-size: 19px; color: #000000; font-family: arial; padding-top: 10px; ">\r\n                          info@spanishwholesale.com\r\n                          </h3>\r\n                       </td>\r\n                   </tr>\r\n               </table>\r\n           </td>\r\n      </tr>\r\n</table>', 'nuevo_pedido_prov', '0000-00-00 00:00:00'),
(50, '<table width="100%" cellpadding="0" cellspacing="0">\r\n<tbody>\r\n	<tr>\r\n		<td width="100%" height="38" bgcolor="#660000"><!-- newsletter --></td>\r\n	</tr>\r\n\r\n	<tr>\r\n		<td valign="top" align="center" style="border-bottom: 2px solid #660000;">\r\n<table width="800">\r\n<tbody>\r\n	<tr>\r\n		<td><a href="http://spanishwholesale.com" target="_blank" title="SpanishWholesale"><img style="border: 0;" src="http://spanishwholesale.com/img/logoe.png" width="244" height="93"></a></td>\r\n	</tr>\r\n</tbody>\r\n</table>\r\n</td>\r\n	</tr>\r\n\r\n	<tr>\r\n		<td valign="top" align="center">\r\n<table width="750">\r\n<tbody>\r\n	<tr>\r\n		<td><h1 style="font-family: Myriad Pro; font-size: 32px; color: #660000; font-weight: normal;">Bienvenido a SpanishWholesale</h1>\r\n<h2 style="font-family: Arial; font-size: 19px; color: #2d2d2d; font-weight: bold; ">La web de venta de calzados de todo tipo.</h2>\r\n\r\n<p style="font-family: Arial; color: #2d2d2d; font-size: 19px;"> Te hicieron una pregunta entra a tu <a href="http://spanishwholesale.com/proveedor/" target="_blank" title="">panel de gesti칩n</a> para responder. <br>\r\n<br>\r\n</p>\r\n</td>\r\n	</tr>\r\n</tbody>\r\n</table>\r\n</td>\r\n	</tr>\r\n\r\n	<tr>\r\n		<td valign="top" align="center" bgcolor="#2d2d2d">\r\n<table width="800">\r\n<tbody>\r\n	<tr>\r\n		<td><a style="float: right;" href="http://spanishwholesale.com" target="_blank" title="SpanishWholesale"><img style="border: 0;" src="http://spanishwholesale.com/img/logof.png" width="159" height="67"></a></td>\r\n	</tr>\r\n</tbody>\r\n</table>\r\n</td>\r\n	</tr>\r\n\r\n	<tr>\r\n		<td valign="top" align="center">\r\n<table width="800">\r\n<tbody>\r\n	<tr>\r\n		<td><h3 style="text-align: center; font-size: 19px; color: #000000; font-family: arial; padding-top: 10px; "> info@spanishwholesale.com </h3>\r\n</td>\r\n	</tr>\r\n</tbody>\r\n</table>\r\n</td>\r\n	</tr>\r\n</tbody>\r\n</table>', 'pregunta', '0000-00-00 00:00:00'),
(52, '<table cellpadding="0" cellspacing="0" width="100%">\r\n<tbody>\r\n	<tr>\r\n		<td bgcolor="#660000" height="38" width="100%"><!-- newsletter --></td>\r\n	</tr>\r\n\r\n	<tr>\r\n		<td style="border-bottom: 2px solid #660000;" align="center" valign="top">\r\n<table width="800">\r\n<tbody>\r\n	<tr>\r\n		<td><a href="http://spanishwholesale.com" target="_blank" title="SpanishWholesale"><img style="border: 0px none;" src="http://spanishwholesale.com/img/logoe.png" height="93" width="244"></a></td>\r\n	</tr>\r\n</tbody>\r\n</table>\r\n</td>\r\n	</tr>\r\n\r\n	<tr>\r\n		<td align="center" valign="top">\r\n<table width="750">\r\n<tbody>\r\n	<tr>\r\n		<td><h1 style="font-family: Myriad Pro; font-size: 32px; color: #660000; font-weight: normal;">Bienvenido a SpanishWholesale</h1>\r\n<h2 style="font-family: Arial; font-size: 19px; color: #2d2d2d; font-weight: bold; ">La web de venta de calzados de todo tipo.</h2>\r\n\r\n<p style="font-family: Arial; color: #2d2d2d; font-size: 19px;"> Tu contrase침a del sistema es: <!--?php echo $pass?--><br>\r\n</p>\r\n</td>\r\n	</tr>\r\n</tbody>\r\n</table>\r\n</td>\r\n	</tr>\r\n\r\n	<tr>\r\n		<td align="center" bgcolor="#2d2d2d" valign="top">\r\n<table width="800">\r\n<tbody>\r\n	<tr>\r\n		<td><a style="float: right;" href="http://spanishwholesale.com" target="_blank" title="SpanishWholesale"><img style="border: 0px none;" src="http://spanishwholesale.com/img/logof.png" height="67" width="159"></a></td>\r\n	</tr>\r\n</tbody>\r\n</table>\r\n</td>\r\n	</tr>\r\n\r\n	<tr>\r\n		<td align="center" valign="top">\r\n<table width="800">\r\n<tbody>\r\n	<tr>\r\n		<td><h3 style="text-align: center; font-size: 19px; color: #000000; font-family: arial; padding-top: 10px; "> info@spanishwholesale.com </h3>\r\n</td>\r\n	</tr>\r\n</tbody>\r\n</table>\r\n</td>\r\n	</tr>\r\n</tbody>\r\n</table>', 'eng_recupera', '0000-00-00 00:00:00'),
(53, '<table cellpadding="0" cellspacing="0" width="100%">\r\n<tbody>\r\n	<tr>\r\n		<td bgcolor="#660000" height="38" width="100%"><!-- newsletter --></td>\r\n	</tr>\r\n\r\n	<tr>\r\n		<td style="border-bottom: 2px solid #660000;" align="center" valign="top">\r\n<table width="800">\r\n<tbody>\r\n	<tr>\r\n		<td><a href="http://spanishwholesale.com" target="_blank" title="SpanishWholesale"><img style="border: 0px none;" src="http://spanishwholesale.com/img/logoe.png" height="93" width="244"></a></td>\r\n	</tr>\r\n</tbody>\r\n</table>\r\n</td>\r\n	</tr>\r\n\r\n	<tr>\r\n		<td align="center" valign="top">\r\n<table width="750">\r\n<tbody>\r\n	<tr>\r\n		<td><h1 style="font-family: Myriad Pro; font-size: 32px; color: #660000; font-weight: normal;">Bienvenido a SpanishWholesale</h1>\r\n<h2 style="font-family: Arial; font-size: 19px; color: #2d2d2d; font-weight: bold; ">La web de venta de calzados de todo tipo.</h2>\r\n\r\n<p style="font-family: Arial; color: #2d2d2d; font-size: 19px;"> Por favor valida tu registro, haz click <a href="<?php echo $_SERVER[''SERVER_NAME''] ?>/cliente/usuarios/activar/<?php echo $activecode?>" style="color: #FF6602;"><span style="color: #FF6602;">aqu칤</span></a>, o copia la siguiente direcci칩n en tu navegador: <br>\r\n<a href="http://<?php echo $_SERVER[''SERVER_NAME''] ?>/cliente/usuarios/activar/<?php echo $activecode ?>" style="color: #FF6602;"><span style="color: #FF6602;">http://<!--?php echo $_SERVER[''SERVER_NAME''] ?-->/cliente/usuarios/activar/<!--?php echo $activecode?--></span></a><br>\r\n<br>\r\n<br>\r\n<br>\r\n</p>\r\n</td>\r\n	</tr>\r\n</tbody>\r\n</table>\r\n</td>\r\n	</tr>\r\n\r\n	<tr>\r\n		<td align="center" bgcolor="#2d2d2d" valign="top">\r\n<table width="800">\r\n<tbody>\r\n	<tr>\r\n		<td><a style="float: right;" href="http://spanishwholesale.com" target="_blank" title="SpanishWholesale"><img style="border: 0px none;" src="http://spanishwholesale.com/img/logof.png" height="67" width="159"></a></td>\r\n	</tr>\r\n</tbody>\r\n</table>\r\n</td>\r\n	</tr>\r\n\r\n	<tr>\r\n		<td align="center" valign="top">\r\n<table width="800">\r\n<tbody>\r\n	<tr>\r\n		<td><h3 style="text-align: center; font-size: 19px; color: #000000; font-family: arial; padding-top: 10px; "> info@spanishwholesale.com </h3>\r\n</td>\r\n	</tr>\r\n</tbody>\r\n</table>\r\n</td>\r\n	</tr>\r\n</tbody>\r\n</table>', 'registro_usuario', '0000-00-00 00:00:00'),
(54, '<table cellpadding="0" cellspacing="0" width="100%">\r\n<tbody>\r\n	<tr>\r\n		<td bgcolor="#660000" height="38" width="100%"><!-- newsletter --></td>\r\n	</tr>\r\n\r\n	<tr>\r\n		<td style="border-bottom: 2px solid #660000;" align="center" valign="top">\r\n<table width="800">\r\n<tbody>\r\n	<tr>\r\n		<td><a href="http://spanishwholesale.com" target="_blank" title="SpanishWholesale"><img style="border: 0px none;" src="http://spanishwholesale.com/img/logoe.png" height="93" width="244"></a></td>\r\n	</tr>\r\n</tbody>\r\n</table>\r\n</td>\r\n	</tr>\r\n\r\n	<tr>\r\n		<td align="center" valign="top">\r\n<table width="750">\r\n<tbody>\r\n	<tr>\r\n		<td><h1 style="font-family: Myriad Pro; font-size: 32px; color: #660000; font-weight: normal;">Bienvenido a SpanishWholesale</h1>\r\n<h2 style="font-family: Arial; font-size: 19px; color: #2d2d2d; font-weight: bold; ">La web de venta de calzados de todo tipo.</h2>\r\n\r\n<p style="font-family: Arial; color: #2d2d2d; font-size: 19px;"> Tu contrase침a del sistema es: <!--?php echo $pass?--><br>\r\n</p>\r\n</td>\r\n	</tr>\r\n</tbody>\r\n</table>\r\n</td>\r\n	</tr>\r\n\r\n	<tr>\r\n		<td align="center" bgcolor="#2d2d2d" valign="top">\r\n<table width="800">\r\n<tbody>\r\n	<tr>\r\n		<td><a style="float: right;" href="http://spanishwholesale.com" target="_blank" title="SpanishWholesale"><img style="border: 0px none;" src="http://spanishwholesale.com/img/logof.png" height="67" width="159"></a></td>\r\n	</tr>\r\n</tbody>\r\n</table>\r\n</td>\r\n	</tr>\r\n\r\n	<tr>\r\n		<td align="center" valign="top">\r\n<table width="800">\r\n<tbody>\r\n	<tr>\r\n		<td><h3 style="text-align: center; font-size: 19px; color: #000000; font-family: arial; padding-top: 10px; "> info@spanishwholesale.com </h3>\r\n</td>\r\n	</tr>\r\n</tbody>\r\n</table>\r\n</td>\r\n	</tr>\r\n</tbody>\r\n</table>', 'recupera', '0000-00-00 00:00:00'),
(55, '<table cellpadding="0" cellspacing="0" width="100%">\r\n<tbody>\r\n	<tr>\r\n		<td bgcolor="#660000" height="38" width="100%"><!-- newsletter --></td>\r\n	</tr>\r\n\r\n	<tr>\r\n		<td style="border-bottom: 2px solid #660000;" align="center" valign="top">\r\n<table width="800">\r\n<tbody>\r\n	<tr>\r\n		<td><a href="http://spanishwholesale.com" target="_blank" title="SpanishWholesale"><img style="border: 0px;" src="http://spanishwholesale.com/img/logoe.png" height="93" width="244"></a></td>\r\n	</tr>\r\n</tbody>\r\n</table>\r\n</td>\r\n	</tr>\r\n\r\n	<tr>\r\n		<td align="center" valign="top">\r\n<table width="750">\r\n<tbody>\r\n	<tr>\r\n		<td><h1 style="font-family: Myriad Pro; font-size: 32px; color: #660000; font-weight: normal;">Bienvenido a SpanishWholesale</h1>\r\n<h2 style="font-family: Arial; font-size: 19px; color: #2d2d2d; font-weight: bold; ">La web de venta de calzados de todo tipo.</h2>\r\n\r\n<p style="font-family: Arial; color: #2d2d2d; font-size: 19px;"> \r\n\r\n-Pedido confirmado<br>\r\n Pedido n췈 {{''pedido["Pedido"]["id"]''}} Proveedor {{''proveedor["Usuario"]["title"]''}}    Fecha {{''date''}}&nbsp;<br>\r\n Su pedido ha sido revisado por el proveedor {{''proveedor["Usuario"]["title"]''}}, quedando la mercanc칤a reservada. A continuaci칩n le indicamos el importe y n췈 de cuenta bancaria para que realice el pago de este pedido y proceder a su envio.<br><br>\r\n \r\n Importe: {{''total''}} euros <br>\r\n N췈 cuenta: {{''serializado["ncuenta"]''}}, SWIFT {{''serializado["cswift"]''}}  IBAN {{''serializado["Iban"]''}} <br><br>\r\n \r\nLe informamos que este pedido queda reservado durante 72 horas en espera de recibir el pago del mismo, transcurrido ese plazo no podemos garantizar la disponibilidad de estos art칤culos. Para agilizar el envio del pedido puede remitirnos la copia de la transferencia al siguiente email  {{''proveedor["Usuario"]["email"]''}}.</p><p style="font-family: Arial; color: #2d2d2d; font-size: 19px;">Gracias por su confianza.</p><p style="font-family: Arial; color: #2d2d2d; font-size: 19px;">\r\nUn saludo<br>\r\n<br><br>\r\n</p>\r\n</td>\r\n	</tr>\r\n</tbody>\r\n</table>\r\n</td>\r\n	</tr>\r\n\r\n	<tr>\r\n		<td align="center" bgcolor="#2d2d2d" valign="top">\r\n<table width="800">\r\n<tbody>\r\n	<tr>\r\n		<td><a style="float: right;" href="http://spanishwholesale.com" target="_blank" title="SpanishWholesale"><img style="border: 0px;" src="http://spanishwholesale.com/img/logof.png" height="67" width="159"></a></td>\r\n	</tr>\r\n</tbody>\r\n</table>\r\n</td>\r\n	</tr>\r\n\r\n	<tr>\r\n		<td align="center" valign="top">\r\n<table width="800">\r\n<tbody>\r\n	<tr>\r\n		<td><h3 style="text-align: center; font-size: 19px; color: #000000; font-family: arial; padding-top: 10px; "> info@spanishwholesale.com </h3>\r\n</td>\r\n	</tr>\r\n</tbody>\r\n</table>\r\n</td>\r\n	</tr>\r\n</tbody>\r\n</table>', 'pedido_confirmado', '0000-00-00 00:00:00'),
(56, '<table cellpadding="0" cellspacing="0" width="100%">\r\n<tbody>\r\n	<tr>\r\n		<td bgcolor="#660000" height="38" width="100%"><!-- newsletter --></td>\r\n	</tr>\r\n\r\n	<tr>\r\n		<td style="border-bottom: 2px solid #660000;" align="center" valign="top">\r\n<table width="800">\r\n<tbody>\r\n	<tr>\r\n		<td><a href="http://spanishwholesale.com" target="_blank" title="SpanishWholesale"><img style="border: 0px none;" src="http://spanishwholesale.com/img/logoe.png" height="93" width="244"></a></td>\r\n	</tr>\r\n</tbody>\r\n</table>\r\n</td>\r\n	</tr>\r\n\r\n	<tr>\r\n		<td align="center" valign="top">\r\n<table width="750">\r\n<tbody>\r\n	<tr>\r\n		<td><h1 style="font-family: Myriad Pro; font-size: 32px; color: #660000; font-weight: normal;">Bienvenido a SpanishWholesale</h1>\r\n<h2 style="font-family: Arial; font-size: 19px; color: #2d2d2d; font-weight: bold; ">La web de venta de calzados de todo tipo.</h2>\r\n\r\n<p style="font-family: Arial; color: #2d2d2d; font-size: 19px;"> -Pedido confirmado<br>\r\n Pedido n췈 X Proveedor XX Fecha XX/XX/XX <br>\r\n Su pedido ha sido revisado por el proveedor X, quedando la mercanc칤a reservada. A continuaci칩n le indicamos el importe y n췈 de cuenta bancaria para que realice el pago de este pedido y proceder a su envio.<br>\r\n<br>\r\n Importe: x euros <br>\r\n N췈 cuenta: XXXXXxX, SWIFT XX IBAN XX <br>\r\n<br>\r\n Le informamos que este pedido queda reservado durante 72 horas en espera de recibir el pago del mismo, transcurrido ese plazo no podemos garantizar la disponibilidad de estos art칤culos. Para agilizar el envio del pedido puede remitirnos la copia de la transferencia al siguiente email xxx\\@mmm.nn Gracias por su confianza.<br>\r\n Un saludo<br>\r\n<br>\r\n<br>\r\n</p>\r\n</td>\r\n	</tr>\r\n</tbody>\r\n</table>\r\n</td>\r\n	</tr>\r\n\r\n	<tr>\r\n		<td align="center" bgcolor="#2d2d2d" valign="top">\r\n<table width="800">\r\n<tbody>\r\n	<tr>\r\n		<td><a style="float: right;" href="http://spanishwholesale.com" target="_blank" title="SpanishWholesale"><img style="border: 0;" src="http://spanishwholesale.com/img/logof.png" height="67" width="159"></a></td>\r\n	</tr>\r\n</tbody>\r\n</table>\r\n</td>\r\n	</tr>\r\n\r\n	<tr>\r\n		<td align="center" valign="top">\r\n<table width="800">\r\n<tbody>\r\n	<tr>\r\n		<td><h3 style="text-align: center; font-size: 19px; color: #000000; font-family: arial; padding-top: 10px; "> info@spanishwholesale.com </h3>\r\n</td>\r\n	</tr>\r\n</tbody>\r\n</table>\r\n</td>\r\n	</tr>\r\n</tbody>\r\n</table>', 'eng_pedido_confirmado', '0000-00-00 00:00:00'),
(57, '<table cellpadding="0" cellspacing="0" width="100%">\r\n<tbody>\r\n<tr>\r\n<td bgcolor="#660000" height="38" width="100%"><!-- newsletter --></td>\r\n</tr>\r\n\r\n\r\n\r\n\r\n<tr>\r\n<td style="border-bottom: 2px solid #660000;" align="center" valign="top">\r\n<table width="800">\r\n<tbody>\r\n<tr>\r\n<td><a href="http://spanishwholesale.com" target="_blank" title="SpanishWholesale"><img style="border: 0px;" src="http://spanishwholesale.com/img/logoe.png" height="93" width="244"></a></td>\r\n</tr>\r\n</tbody>\r\n</table>\r\n</td>\r\n</tr>\r\n\r\n\r\n\r\n\r\n<tr>\r\n<td align="center" valign="top">\r\n<table width="750">\r\n<tbody>\r\n<tr>\r\n<td><h1 style="font-family: Myriad Pro; font-size: 32px; color: #660000; font-weight: normal;">Bienvenido a SpanishWholesale</h1>\r\n<h2 style="font-family: Arial; font-size: 19px; color: #2d2d2d; font-weight: bold; ">La web de venta de calzados de todo tipo.</h2>\r\n\r\n\r\n\r\n\r\n<p style="font-family: Arial; color: #2d2d2d; font-size: 19px;"> -Pedido enviado<br>\r\nPedido n췈 {{''pedido["Pedido"]["id"]''}} Proveedor {{''proveedor["Usuario"]["title"]''}} Fecha {{''date''}}&nbsp;<br><br></p><p style="font-family: Arial; color: #2d2d2d; font-size: 19px;">\r\nSu pedido ha sido enviado&nbsp;por el proveedor {{''proveedor["Usuario"]["title"]''}}, para mas detalles revise su cuenta.&nbsp;</p><p style="font-family: Arial; color: #2d2d2d; font-size: 19px;"><span style="font-size: 15px; line-height: 1.45em;">Gracias por su confianza.</span></p>\r\n\r\n\r\n\r\n\r\n<p style="font-family: Arial; color: #2d2d2d; font-size: 19px;"> Un saludo<br>\r\n<br>\r\n<br>\r\n</p>\r\n</td>\r\n</tr>\r\n</tbody>\r\n</table>\r\n</td>\r\n</tr>\r\n\r\n\r\n\r\n\r\n<tr>\r\n<td align="center" bgcolor="#2d2d2d" valign="top">\r\n<table width="800">\r\n<tbody>\r\n<tr>\r\n<td><a style="float: right;" href="http://spanishwholesale.com" target="_blank" title="SpanishWholesale"><img style="border: 0px;" src="http://spanishwholesale.com/img/logof.png" height="67" width="159"></a></td>\r\n</tr>\r\n</tbody>\r\n</table>\r\n</td>\r\n</tr>\r\n\r\n\r\n\r\n\r\n<tr>\r\n<td align="center" valign="top">\r\n<table width="800">\r\n<tbody>\r\n<tr>\r\n<td><h3 style="text-align: center; font-size: 19px; color: #000000; font-family: arial; padding-top: 10px; "> info@spanishwholesale.com </h3>\r\n</td>\r\n</tr>\r\n</tbody>\r\n</table>\r\n</td>\r\n</tr>\r\n</tbody>\r\n</table>', 'pedido_enviado', '0000-00-00 00:00:00'),
(58, '<table cellpadding="0" cellspacing="0" width="100%">\r\n<tbody>\r\n	<tr>\r\n		<td bgcolor="#660000" height="38" width="100%"><!-- newsletter --></td>\r\n	</tr>\r\n\r\n	<tr>\r\n		<td style="border-bottom: 2px solid #660000;" align="center" valign="top">\r\n<table width="800">\r\n<tbody>\r\n	<tr>\r\n		<td><a href="http://spanishwholesale.com" target="_blank" title="SpanishWholesale"><img style="border: 0px none;" src="http://spanishwholesale.com/img/logoe.png" height="93" width="244"></a></td>\r\n	</tr>\r\n</tbody>\r\n</table>\r\n</td>\r\n	</tr>\r\n\r\n	<tr>\r\n		<td align="center" valign="top">\r\n<table width="750">\r\n<tbody>\r\n	<tr>\r\n		<td><h1 style="font-family: Myriad Pro; font-size: 32px; color: #660000; font-weight: normal;">Bienvenido a SpanishWholesale</h1>\r\n<h2 style="font-family: Arial; font-size: 19px; color: #2d2d2d; font-weight: bold; ">La web de venta de calzados de todo tipo.</h2>\r\n\r\n<p style="font-family: Arial; color: #2d2d2d; font-size: 19px;"> -Pedido confirmado<br>\r\n Pedido n췈 X Proveedor XX Fecha XX/XX/XX <br>\r\n Su pedido ha sido revisado por el proveedor X, quedando la mercanc칤a reservada. A continuaci칩n le indicamos el importe y n췈 de cuenta bancaria para que realice el pago de este pedido y proceder a su envio.<br>\r\n<br>\r\n Importe: x euros <br>\r\n N췈 cuenta: XXXXXxX, SWIFT XX IBAN XX <br>\r\n<br>\r\n Le informamos que este pedido queda reservado durante 72 horas en espera de recibir el pago del mismo, transcurrido ese plazo no podemos garantizar la disponibilidad de estos art칤culos. Para agilizar el envio del pedido puede remitirnos la copia de la transferencia al siguiente email xxx\\@mmm.nn Gracias por su confianza.<br>\r\n Un saludo<br>\r\n<br>\r\n<br>\r\n</p>\r\n</td>\r\n	</tr>\r\n</tbody>\r\n</table>\r\n</td>\r\n	</tr>\r\n\r\n	<tr>\r\n		<td align="center" bgcolor="#2d2d2d" valign="top">\r\n<table width="800">\r\n<tbody>\r\n	<tr>\r\n		<td><a style="float: right;" href="http://spanishwholesale.com" target="_blank" title="SpanishWholesale"><img style="border: 0;" src="http://spanishwholesale.com/img/logof.png" height="67" width="159"></a></td>\r\n	</tr>\r\n</tbody>\r\n</table>\r\n</td>\r\n	</tr>\r\n\r\n	<tr>\r\n		<td align="center" valign="top">\r\n<table width="800">\r\n<tbody>\r\n	<tr>\r\n		<td><h3 style="text-align: center; font-size: 19px; color: #000000; font-family: arial; padding-top: 10px; "> info@spanishwholesale.com </h3>\r\n</td>\r\n	</tr>\r\n</tbody>\r\n</table>\r\n</td>\r\n	</tr>\r\n</tbody>\r\n</table>', 'eng_pedido_enviado', '0000-00-00 00:00:00'),
(59, '<table cellpadding="0" cellspacing="0" width="100%">\r\n<tbody>\r\n<tr>\r\n<td bgcolor="#660000" height="38" width="100%"><!-- newsletter --></td>\r\n</tr>\r\n\r\n\r\n\r\n\r\n<tr>\r\n<td style="border-bottom: 2px solid #660000;" align="center" valign="top">\r\n<table width="800">\r\n<tbody>\r\n<tr>\r\n<td><a href="http://spanishwholesale.com" target="_blank" title="SpanishWholesale"><img style="border: 0px;" src="http://spanishwholesale.com/img/logoe.png" height="93" width="244"></a></td>\r\n</tr>\r\n</tbody>\r\n</table>\r\n</td>\r\n</tr>\r\n\r\n\r\n\r\n\r\n<tr>\r\n<td align="center" valign="top">\r\n<table width="750">\r\n<tbody>\r\n<tr>\r\n<td><h1 style="font-family: Myriad Pro; font-size: 32px; color: #660000; font-weight: normal;">Bienvenido a SpanishWholesale</h1>\r\n<h2 style="font-family: Arial; font-size: 19px; color: #2d2d2d; font-weight: bold; ">La web de venta de calzados de todo tipo.</h2>\r\n\r\n\r\n\r\n\r\n<p style="font-family: Arial; color: #2d2d2d; font-size: 19px;"> -Pedido anulado<br>\r\nPedido n췈 {{''pedido["Pedido"]["id"]''}} Proveedor {{''proveedor["Usuario"]["title"]''}} Fecha {{''date''}}&nbsp;<br>\r\n<br>\r\n</p>\r\n\r\n\r\n\r\n\r\n<p style="font-family: Arial; color: #2d2d2d; font-size: 19px;"> Su pedido ha sido anulado por el proveedor {{''proveedor["Usuario"]["title"]''}}, para mas detalles revise su cuenta.&nbsp;</p>\r\n\r\n\r\n\r\n\r\n<p style="font-family: Arial; color: #2d2d2d; font-size: 19px;"><span style="font-size: 15px; line-height: 1.45em;">Gracias por su confianza.</span></p>\r\n\r\n\r\n\r\n\r\n<p style="font-family: Arial; color: #2d2d2d; font-size: 19px;"> Un saludo<br>\r\n<br>\r\n<br>\r\n</p>\r\n</td>\r\n</tr>\r\n</tbody>\r\n</table>\r\n</td>\r\n</tr>\r\n\r\n\r\n\r\n\r\n<tr>\r\n<td align="center" bgcolor="#2d2d2d" valign="top">\r\n<table width="800">\r\n<tbody>\r\n<tr>\r\n<td><a style="float: right;" href="http://spanishwholesale.com" target="_blank" title="SpanishWholesale"><img style="border: 0px;" src="http://spanishwholesale.com/img/logof.png" height="67" width="159"></a></td>\r\n</tr>\r\n</tbody>\r\n</table>\r\n</td>\r\n</tr>\r\n\r\n\r\n\r\n\r\n<tr>\r\n<td align="center" valign="top">\r\n<table width="800">\r\n<tbody>\r\n<tr>\r\n<td><h3 style="text-align: center; font-size: 19px; color: #000000; font-family: arial; padding-top: 10px; "> info@spanishwholesale.com </h3>\r\n</td>\r\n</tr>\r\n</tbody>\r\n</table>\r\n</td>\r\n</tr>\r\n</tbody>\r\n</table>', 'pedido_anulado', '0000-00-00 00:00:00'),
(60, '<table cellpadding="0" cellspacing="0" width="100%">\r\n<tbody>\r\n	<tr>\r\n		<td bgcolor="#660000" height="38" width="100%"><!-- newsletter --></td>\r\n	</tr>\r\n\r\n	<tr>\r\n		<td style="border-bottom: 2px solid #660000;" align="center" valign="top">\r\n<table width="800">\r\n<tbody>\r\n	<tr>\r\n		<td><a href="http://spanishwholesale.com" target="_blank" title="SpanishWholesale"><img style="border: 0px none;" src="http://spanishwholesale.com/img/logoe.png" height="93" width="244"></a></td>\r\n	</tr>\r\n</tbody>\r\n</table>\r\n</td>\r\n	</tr>\r\n\r\n	<tr>\r\n		<td align="center" valign="top">\r\n<table width="750">\r\n<tbody>\r\n	<tr>\r\n		<td><h1 style="font-family: Myriad Pro; font-size: 32px; color: #660000; font-weight: normal;">Bienvenido a SpanishWholesale</h1>\r\n<h2 style="font-family: Arial; font-size: 19px; color: #2d2d2d; font-weight: bold; ">La web de venta de calzados de todo tipo.</h2>\r\n\r\n<p style="font-family: Arial; color: #2d2d2d; font-size: 19px;"> -Pedido confirmado<br>\r\n Pedido n췈 X Proveedor XX Fecha XX/XX/XX <br>\r\n Su pedido ha sido revisado por el proveedor X, quedando la mercanc칤a reservada. A continuaci칩n le indicamos el importe y n췈 de cuenta bancaria para que realice el pago de este pedido y proceder a su envio.<br>\r\n<br>\r\n Importe: x euros <br>\r\n N췈 cuenta: XXXXXxX, SWIFT XX IBAN XX <br>\r\n<br>\r\n Le informamos que este pedido queda reservado durante 72 horas en espera de recibir el pago del mismo, transcurrido ese plazo no podemos garantizar la disponibilidad de estos art칤culos. Para agilizar el envio del pedido puede remitirnos la copia de la transferencia al siguiente email xxx\\@mmm.nn Gracias por su confianza.<br>\r\n Un saludo<br>\r\n<br>\r\n<br>\r\n</p>\r\n</td>\r\n	</tr>\r\n</tbody>\r\n</table>\r\n</td>\r\n	</tr>\r\n\r\n	<tr>\r\n		<td align="center" bgcolor="#2d2d2d" valign="top">\r\n<table width="800">\r\n<tbody>\r\n	<tr>\r\n		<td><a style="float: right;" href="http://spanishwholesale.com" target="_blank" title="SpanishWholesale"><img style="border: 0;" src="http://spanishwholesale.com/img/logof.png" height="67" width="159"></a></td>\r\n	</tr>\r\n</tbody>\r\n</table>\r\n</td>\r\n	</tr>\r\n\r\n	<tr>\r\n		<td align="center" valign="top">\r\n<table width="800">\r\n<tbody>\r\n	<tr>\r\n		<td><h3 style="text-align: center; font-size: 19px; color: #000000; font-family: arial; padding-top: 10px; "> info@spanishwholesale.com </h3>\r\n</td>\r\n	</tr>\r\n</tbody>\r\n</table>\r\n</td>\r\n	</tr>\r\n</tbody>\r\n</table>', 'eng_pedido_anulado', '0000-00-00 00:00:00'),
(61, '<table cellpadding="0" cellspacing="0" width="100%">\r\n<tbody>\r\n	<tr>\r\n		<td bgcolor="#660000" height="38" width="100%"><!-- newsletter --></td>\r\n	</tr>\r\n\r\n	<tr>\r\n		<td style="border-bottom: 2px solid #660000;" align="center" valign="top">\r\n<table width="800">\r\n<tbody>\r\n	<tr>\r\n		<td><a href="http://spanishwholesale.com" target="_blank" title="SpanishWholesale"><img style="border: 0px;" src="http://spanishwholesale.com/img/logoe.png" height="93" width="244"></a></td>\r\n	</tr>\r\n</tbody>\r\n</table>\r\n</td>\r\n	</tr>\r\n\r\n	<tr>\r\n		<td align="center" valign="top">\r\n<table width="750">\r\n<tbody>\r\n	<tr>\r\n		<td><h1 style="font-family: Myriad Pro; font-size: 32px; color: #660000; font-weight: normal;">Bienvenido a SpanishWholesale</h1>\r\n<h2 style="font-family: Arial; font-size: 19px; color: #2d2d2d; font-weight: bold; ">La web de venta de calzados de todo tipo.</h2>\r\n\r\n<p style="font-family: Arial; color: #2d2d2d; font-size: 19px;"> -Esperando ingreso de mercaderia<br>\r\n Pedido n췈 {{''pedido["Pedido"]["id"]''}} Proveedor {{''proveedor["Usuario"]["title"]''}}<br>\r\n<span style="line-height: 1.45em;"><br>\r\n</span></p>\r\n\r\n<p style="font-family: Arial; color: #2d2d2d; font-size: 19px;"><span style="line-height: 1.45em;">Gracias por su confianza.</span></p>\r\n\r\n<p style="font-family: Arial; color: #2d2d2d; font-size: 19px;"> Un saludo<br>\r\n<br>\r\n<br>\r\n</p>\r\n</td>\r\n	</tr>\r\n</tbody>\r\n</table>\r\n</td>\r\n	</tr>\r\n\r\n	<tr>\r\n		<td align="center" bgcolor="#2d2d2d" valign="top">\r\n<table width="800">\r\n<tbody>\r\n	<tr>\r\n		<td><a style="float: right;" href="http://spanishwholesale.com" target="_blank" title="SpanishWholesale"><img style="border: 0px;" src="http://spanishwholesale.com/img/logof.png" height="67" width="159"></a></td>\r\n	</tr>\r\n</tbody>\r\n</table>\r\n</td>\r\n	</tr>\r\n\r\n	<tr>\r\n		<td align="center" valign="top">\r\n<table width="800">\r\n<tbody>\r\n	<tr>\r\n		<td><h3 style="text-align: center; font-size: 19px; color: #000000; font-family: arial; padding-top: 10px; "> info@spanishwholesale.com </h3>\r\n</td>\r\n	</tr>\r\n</tbody>\r\n</table>\r\n</td>\r\n	</tr>\r\n</tbody>\r\n</table>', 'pedido_esperando', '0000-00-00 00:00:00'),
(62, '<table cellpadding="0" cellspacing="0" width="100%">\r\n<tbody>\r\n	<tr>\r\n		<td bgcolor="#660000" height="38" width="100%"><!-- newsletter --></td>\r\n	</tr>\r\n\r\n	<tr>\r\n		<td style="border-bottom: 2px solid #660000;" align="center" valign="top">\r\n<table width="800">\r\n<tbody>\r\n	<tr>\r\n		<td><a href="http://spanishwholesale.com" target="_blank" title="SpanishWholesale"><img style="border: 0px;" src="http://spanishwholesale.com/img/logoe.png" height="93" width="244"></a></td>\r\n	</tr>\r\n</tbody>\r\n</table>\r\n</td>\r\n	</tr>\r\n\r\n	<tr>\r\n		<td align="center" valign="top">\r\n<table width="750">\r\n<tbody>\r\n	<tr>\r\n		<td><h1 style="font-family: Myriad Pro; font-size: 32px; color: #660000; font-weight: normal;">Bienvenido a SpanishWholesale</h1>\r\n<h2 style="font-family: Arial; font-size: 19px; color: #2d2d2d; font-weight: bold; ">La web de venta de calzados de todo tipo.</h2>\r\n\r\n<p style="font-family: Arial; color: #2d2d2d; font-size: 19px;"> -Esperando ingreso de mercaderia<br>\r\n Pedido n췈 {{'' pedido["Pedido"]["id"] ''}} Proveedor {{'' proveedor["Usuario"]["title"] ''}}<span style="line-height: 1.45em;">&nbsp;</span></p>\r\n\r\n<p style="font-family: Arial; color: #2d2d2d; font-size: 19px;"><span style="font-size: 15px; line-height: 1.45em;">Gracias por su confianza.</span></p>\r\n\r\n<p style="font-family: Arial; color: #2d2d2d; font-size: 19px;"> Un saludo<br>\r\n<br>\r\n<br>\r\n</p>\r\n</td>\r\n	</tr>\r\n</tbody>\r\n</table>\r\n</td>\r\n	</tr>\r\n\r\n	<tr>\r\n		<td align="center" bgcolor="#2d2d2d" valign="top">\r\n<table width="800">\r\n<tbody>\r\n	<tr>\r\n		<td><a style="float: right;" href="http://spanishwholesale.com" target="_blank" title="SpanishWholesale"><img style="border: 0px;" src="http://spanishwholesale.com/img/logof.png" height="67" width="159"></a></td>\r\n	</tr>\r\n</tbody>\r\n</table>\r\n</td>\r\n	</tr>\r\n\r\n	<tr>\r\n		<td align="center" valign="top">\r\n<table width="800">\r\n<tbody>\r\n	<tr>\r\n		<td><h3 style="text-align: center; font-size: 19px; color: #000000; font-family: arial; padding-top: 10px; "> info@spanishwholesale.com </h3>\r\n</td>\r\n	</tr>\r\n</tbody>\r\n</table>\r\n</td>\r\n	</tr>\r\n</tbody>\r\n</table>', 'eng_pedido_esperando', '0000-00-00 00:00:00');

-- --------------------------------------------------------

--
-- Estructura de tabla para la tabla `precios`
--

CREATE TABLE IF NOT EXISTS `precios` (
  `id` int(11) NOT NULL AUTO_INCREMENT,
  `de` int(11) DEFAULT NULL,
  `a` int(11) DEFAULT NULL,
  PRIMARY KEY (`id`)
) ENGINE=MyISAM  DEFAULT CHARSET=utf8 AUTO_INCREMENT=10 ;

--
-- Volcado de datos para la tabla `precios`
--

INSERT INTO `precios` (`id`, `de`, `a`) VALUES
(5, 0, 6),
(6, 7, 20),
(7, 21, 30),
(8, 31, 40),
(9, 41, 50);

-- --------------------------------------------------------

--
-- Estructura de tabla para la tabla `regiones`
--

CREATE TABLE IF NOT EXISTS `regiones` (
  `id` int(11) NOT NULL,
  `country_id` int(11) DEFAULT NULL,
  `title` varchar(150) DEFAULT NULL,
  PRIMARY KEY (`id`)
) ENGINE=InnoDB DEFAULT CHARSET=utf8;

--
-- Volcado de datos para la tabla `regiones`
--

INSERT INTO `regiones` (`id`, `country_id`, `title`) VALUES
(1, 3, 'Azerbaijan'),
(2, 3, 'Nargorni Karabakh'),
(3, 3, 'Nakhichevanskaya Region'),
(4, 4, 'Anguilla'),
(5, 7, 'Brestskaya obl.'),
(6, 7, 'Vitebskaya obl.'),
(7, 7, 'Gomelskaya obl.'),
(8, 7, 'Grodnenskaya obl.'),
(9, 7, 'Minskaya obl.'),
(10, 7, 'Mogilevskaya obl.'),
(11, 8, 'Belize'),
(12, 10, 'Hamilton'),
(13, 15, 'Dong Bang Song Cuu Long'),
(14, 15, 'Dong Bang Song Hong'),
(15, 15, 'Dong Nam Bo'),
(16, 15, 'Duyen Hai Mien Trung'),
(17, 15, 'Khu Bon Cu'),
(18, 15, 'Mien Nui Va Trung Du'),
(19, 15, 'Thai Nguyen'),
(20, 16, 'Artibonite'),
(21, 16, 'Grand&#039;Anse'),
(22, 16, 'North West'),
(23, 16, 'West'),
(24, 16, 'South'),
(25, 16, 'South East'),
(26, 17, 'Grande-Terre'),
(27, 17, 'Basse-Terre'),
(28, 21, 'Abkhazia'),
(29, 21, 'Ajaria'),
(30, 21, 'Georgia'),
(31, 21, 'South Ossetia'),
(32, 23, 'Al Q?hira'),
(33, 23, 'Aswan'),
(34, 23, 'Asyut'),
(35, 23, 'Beni Suef'),
(36, 23, 'Gharbia'),
(37, 23, 'Damietta'),
(38, 24, 'Southern District'),
(39, 24, 'Central District'),
(40, 24, 'Northern District'),
(41, 24, 'Haifa'),
(42, 24, 'Tel Aviv'),
(43, 24, 'Jerusalem'),
(44, 25, 'Bangala'),
(45, 25, 'Chhattisgarh'),
(46, 25, 'Karnataka'),
(47, 25, 'Uttaranchal'),
(48, 25, 'Andhara Pradesh'),
(49, 25, 'Assam'),
(50, 25, 'Bihar'),
(51, 25, 'Gujarat'),
(52, 25, 'Jammu and Kashmir'),
(53, 25, 'Kerala'),
(54, 25, 'Madhya Pradesh'),
(55, 25, 'Manipur'),
(56, 25, 'Maharashtra'),
(57, 25, 'Megahalaya'),
(58, 25, 'Orissa'),
(59, 25, 'Punjab'),
(60, 25, 'Pondisheri'),
(61, 25, 'Rajasthan'),
(62, 25, 'Tamil Nadu'),
(63, 25, 'Tripura'),
(64, 25, 'Uttar Pradesh'),
(65, 25, 'Haryana'),
(66, 25, 'Chandigarh'),
(67, 26, 'Azarbayjan-e Khavari'),
(68, 26, 'Esfahan'),
(69, 26, 'Hamadan'),
(70, 26, 'Kordestan'),
(71, 26, 'Markazi'),
(72, 26, 'Sistan-e Baluches'),
(73, 26, 'Yazd'),
(74, 26, 'Kerman'),
(75, 26, 'Kermanshakhan'),
(76, 26, 'Mazenderan'),
(77, 26, 'Tehran'),
(78, 26, 'Fars'),
(79, 26, 'Horasan'),
(80, 26, 'Husistan'),
(81, 30, 'Aktyubinskaya obl.'),
(82, 30, 'Alma-Atinskaya obl.'),
(83, 30, 'Vostochno-Kazahstanskaya obl.'),
(84, 30, 'Gurevskaya obl.'),
(85, 30, 'Zhambylskaya obl. (Dzhambulskaya obl.)'),
(86, 30, 'Dzhezkazganskaya obl.'),
(87, 30, 'Karagandinskaya obl.'),
(88, 30, 'Kzyl-Ordinskaya obl.'),
(89, 30, 'Kokchetavskaya obl.'),
(90, 30, 'Kustanaiskaya obl.'),
(91, 30, 'Mangystauskaya (Mangyshlakskaya obl.)'),
(92, 30, 'Pavlodarskaya obl.'),
(93, 30, 'Severo-Kazahstanskaya obl.'),
(94, 30, 'Taldy-Kurganskaya obl.'),
(95, 30, 'Turgaiskaya obl.'),
(96, 30, 'Akmolinskaya obl. (Tselinogradskaya obl.)'),
(97, 30, 'Chimkentskaya obl.'),
(98, 31, 'Littoral'),
(99, 31, 'Southwest Region'),
(100, 31, 'North'),
(101, 31, 'Central'),
(102, 33, 'Government controlled area'),
(103, 33, 'Turkish controlled area'),
(104, 34, 'Issik Kulskaya Region'),
(105, 34, 'Kyrgyzstan'),
(106, 34, 'Narinskaya Region'),
(107, 34, 'Oshskaya Region'),
(108, 34, 'Tallaskaya Region'),
(109, 37, 'al-Jahra'),
(110, 37, 'al-Kuwait'),
(111, 38, 'Latviya'),
(112, 39, 'Tarabulus'),
(113, 39, 'Bengasi'),
(114, 40, 'Litva'),
(115, 43, 'Moldova'),
(116, 45, 'Auckland'),
(117, 45, 'Bay of Plenty'),
(118, 45, 'Canterbury'),
(119, 45, 'Gisborne'),
(120, 45, 'Hawke&#039;s Bay'),
(121, 45, 'Manawatu-Wanganui'),
(122, 45, 'Marlborough'),
(123, 45, 'Nelson'),
(124, 45, 'Northland'),
(125, 45, 'Otago'),
(126, 45, 'Southland'),
(127, 45, 'Taranaki'),
(128, 45, 'Tasman'),
(129, 45, 'Waikato'),
(130, 45, 'Wellington'),
(131, 45, 'West Coast'),
(132, 49, 'Saint-Denis'),
(133, 50, 'Altaiskii krai'),
(134, 50, 'Amurskaya obl.'),
(135, 50, 'Arhangelskaya obl.'),
(136, 50, 'Astrahanskaya obl.'),
(137, 50, 'Bashkiriya obl.'),
(138, 50, 'Belgorodskaya obl.'),
(139, 50, 'Bryanskaya obl.'),
(140, 50, 'Buryatiya'),
(141, 50, 'Vladimirskaya obl.'),
(142, 50, 'Volgogradskaya obl.'),
(143, 50, 'Vologodskaya obl.'),
(144, 50, 'Voronezhskaya obl.'),
(145, 50, 'Nizhegorodskaya obl.'),
(146, 50, 'Dagestan'),
(147, 50, 'Evreiskaya obl.'),
(148, 50, 'Ivanovskaya obl.'),
(149, 50, 'Irkutskaya obl.'),
(150, 50, 'Kabardino-Balkariya'),
(151, 50, 'Kaliningradskaya obl.'),
(152, 50, 'Tverskaya obl.'),
(153, 50, 'Kalmykiya'),
(154, 50, 'Kaluzhskaya obl.'),
(155, 50, 'Kamchatskaya obl.'),
(156, 50, 'Kareliya'),
(157, 50, 'Kemerovskaya obl.'),
(158, 50, 'Kirovskaya obl.'),
(159, 50, 'Komi'),
(160, 50, 'Kostromskaya obl.'),
(161, 50, 'Krasnodarskii krai'),
(162, 50, 'Krasnoyarskii krai'),
(163, 50, 'Kurganskaya obl.'),
(164, 50, 'Kurskaya obl.'),
(165, 50, 'Lipetskaya obl.'),
(166, 50, 'Magadanskaya obl.'),
(167, 50, 'Marii El'),
(168, 50, 'Mordoviya'),
(169, 50, 'Moscow &amp; Moscow Region'),
(170, 50, 'Murmanskaya obl.'),
(171, 50, 'Novgorodskaya obl.'),
(172, 50, 'Novosibirskaya obl.'),
(173, 50, 'Omskaya obl.'),
(174, 50, 'Orenburgskaya obl.'),
(175, 50, 'Orlovskaya obl.'),
(176, 50, 'Penzenskaya obl.'),
(177, 50, 'Permskiy krai'),
(178, 50, 'Primorskii krai'),
(179, 50, 'Pskovskaya obl.'),
(180, 50, 'Rostovskaya obl.'),
(181, 50, 'Ryazanskaya obl.'),
(182, 50, 'Samarskaya obl.'),
(183, 50, 'Saint-Petersburg and Region'),
(184, 50, 'Saratovskaya obl.'),
(185, 50, 'Saha (Yakutiya)'),
(186, 50, 'Sahalin'),
(187, 50, 'Sverdlovskaya obl.'),
(188, 50, 'Severnaya Osetiya'),
(189, 50, 'Smolenskaya obl.'),
(190, 50, 'Stavropolskii krai'),
(191, 50, 'Tambovskaya obl.'),
(192, 50, 'Tatarstan'),
(193, 50, 'Tomskaya obl.'),
(195, 50, 'Tulskaya obl.'),
(196, 50, 'Tyumenskaya obl. i Hanty-Mansiiskii AO'),
(197, 50, 'Udmurtiya'),
(198, 50, 'Ulyanovskaya obl.'),
(199, 50, 'Uralskaya obl.'),
(200, 50, 'Habarovskii krai'),
(201, 50, 'Chelyabinskaya obl.'),
(202, 50, 'Checheno-Ingushetiya'),
(203, 50, 'Chitinskaya obl.'),
(204, 50, 'Chuvashiya'),
(205, 50, 'Yaroslavskaya obl.'),
(206, 51, 'Ahuachap&aacute;n'),
(207, 51, 'Cuscatl&aacute;n'),
(208, 51, 'La Libertad'),
(209, 51, 'La Paz'),
(210, 51, 'La Uni&oacute;n'),
(211, 51, 'San Miguel'),
(212, 51, 'San Salvador'),
(213, 51, 'Santa Ana'),
(214, 51, 'Sonsonate'),
(215, 54, 'Paramaribo'),
(216, 56, 'Gorno-Badakhshan Region'),
(217, 56, 'Kuljabsk Region'),
(218, 56, 'Kurgan-Tjube Region'),
(219, 56, 'Sughd Region'),
(220, 56, 'Tajikistan'),
(221, 57, 'Ashgabat Region'),
(222, 57, 'Krasnovodsk Region'),
(223, 57, 'Mary Region'),
(224, 57, 'Tashauz Region'),
(225, 57, 'Chardzhou Region'),
(226, 58, 'Grand Turk'),
(227, 59, 'Bartin'),
(228, 59, 'Bayburt'),
(229, 59, 'Karabuk'),
(230, 59, 'Adana'),
(231, 59, 'Aydin'),
(232, 59, 'Amasya'),
(233, 59, 'Ankara'),
(234, 59, 'Antalya'),
(235, 59, 'Artvin'),
(236, 59, 'Afion'),
(237, 59, 'Balikesir'),
(238, 59, 'Bilecik'),
(239, 59, 'Bursa'),
(240, 59, 'Gaziantep'),
(241, 59, 'Denizli'),
(242, 59, 'Izmir'),
(243, 59, 'Isparta'),
(244, 59, 'Icel'),
(245, 59, 'Kayseri'),
(246, 59, 'Kars'),
(247, 59, 'Kodjaeli'),
(248, 59, 'Konya'),
(249, 59, 'Kirklareli'),
(250, 59, 'Kutahya'),
(251, 59, 'Malatya'),
(252, 59, 'Manisa'),
(253, 59, 'Sakarya'),
(254, 59, 'Samsun'),
(255, 59, 'Sivas'),
(256, 59, 'Istanbul'),
(257, 59, 'Trabzon'),
(258, 59, 'Corum'),
(259, 59, 'Edirne'),
(260, 59, 'Elazig'),
(261, 59, 'Erzincan'),
(262, 59, 'Erzurum'),
(263, 59, 'Eskisehir'),
(264, 60, 'Jinja'),
(265, 60, 'Kampala'),
(266, 61, 'Andijon Region'),
(267, 61, 'Buxoro Region'),
(268, 61, 'Jizzac Region'),
(269, 61, 'Qaraqalpaqstan'),
(270, 61, 'Qashqadaryo Region'),
(271, 61, 'Navoiy Region'),
(272, 61, 'Namangan Region'),
(273, 61, 'Samarqand Region'),
(274, 61, 'Surxondaryo Region'),
(275, 61, 'Sirdaryo Region'),
(276, 61, 'Tashkent Region'),
(277, 61, 'Fergana Region'),
(278, 61, 'Xorazm Region'),
(279, 62, 'Vinnitskaya obl.'),
(280, 62, 'Volynskaya obl.'),
(281, 62, 'Dnepropetrovskaya obl.'),
(282, 62, 'Donetskaya obl.'),
(283, 62, 'Zhitomirskaya obl.'),
(284, 62, 'Zakarpatskaya obl.'),
(285, 62, 'Zaporozhskaya obl.'),
(286, 62, 'Ivano-Frankovskaya obl.'),
(287, 62, 'Kievskaya obl.'),
(288, 62, 'Kirovogradskaya obl.'),
(289, 62, 'Krymskaya obl.'),
(290, 62, 'Luganskaya obl.'),
(291, 62, 'Lvovskaya obl.'),
(292, 62, 'Nikolaevskaya obl.'),
(293, 62, 'Odesskaya obl.'),
(294, 62, 'Poltavskaya obl.'),
(295, 62, 'Rovenskaya obl.'),
(296, 62, 'Sumskaya obl.'),
(297, 62, 'Ternopolskaya obl.'),
(298, 62, 'Harkovskaya obl.'),
(299, 62, 'Hersonskaya obl.'),
(300, 62, 'Hmelnitskaya obl.'),
(301, 62, 'Cherkasskaya obl.'),
(302, 62, 'Chernigovskaya obl.'),
(303, 62, 'Chernovitskaya obl.'),
(304, 68, 'Estoniya'),
(305, 69, 'Cheju'),
(306, 69, 'Chollabuk'),
(307, 69, 'Chollanam'),
(308, 69, 'Chungcheongbuk'),
(309, 69, 'Chungcheongnam'),
(310, 69, 'Incheon'),
(311, 69, 'Kangweon'),
(312, 69, 'Kwangju'),
(313, 69, 'Kyeonggi'),
(314, 69, 'Kyeongsangbuk'),
(315, 69, 'Kyeongsangnam'),
(316, 69, 'Pusan'),
(317, 69, 'Seoul'),
(318, 69, 'Taegu'),
(319, 69, 'Taejeon'),
(320, 69, 'Ulsan'),
(321, 70, 'Aichi'),
(322, 70, 'Akita'),
(323, 70, 'Aomori'),
(324, 70, 'Wakayama'),
(325, 70, 'Gifu'),
(326, 70, 'Gunma'),
(327, 70, 'Ibaraki'),
(328, 70, 'Iwate'),
(329, 70, 'Ishikawa'),
(330, 70, 'Kagawa'),
(331, 70, 'Kagoshima'),
(332, 70, 'Kanagawa'),
(333, 70, 'Kyoto'),
(334, 70, 'Kochi'),
(335, 70, 'Kumamoto'),
(336, 70, 'Mie'),
(337, 70, 'Miyagi'),
(338, 70, 'Miyazaki'),
(339, 70, 'Nagano'),
(340, 70, 'Nagasaki'),
(341, 70, 'Nara'),
(342, 70, 'Niigata'),
(343, 70, 'Okayama'),
(344, 70, 'Okinawa'),
(345, 70, 'Osaka'),
(346, 70, 'Saga'),
(347, 70, 'Saitama'),
(348, 70, 'Shiga'),
(349, 70, 'Shizuoka'),
(350, 70, 'Shimane'),
(351, 70, 'Tiba'),
(352, 70, 'Tokyo'),
(353, 70, 'Tokushima'),
(354, 70, 'Tochigi'),
(355, 70, 'Tottori'),
(356, 70, 'Toyama'),
(357, 70, 'Fukui'),
(358, 70, 'Fukuoka'),
(359, 70, 'Fukushima'),
(360, 70, 'Hiroshima'),
(361, 70, 'Hokkaido'),
(362, 70, 'Hyogo'),
(363, 70, 'Yoshimi'),
(364, 70, 'Yamagata'),
(365, 70, 'Yamaguchi'),
(366, 70, 'Yamanashi'),
(368, 73, 'Hong Kong'),
(369, 74, 'Indonesia'),
(370, 75, 'Jordan'),
(371, 76, 'Malaysia'),
(372, 77, 'Singapore'),
(373, 78, 'Taiwan'),
(374, 30, 'Kazahstan'),
(375, 62, 'Ukraina'),
(376, 25, 'India'),
(377, 23, 'Egypt'),
(378, 106, 'Damascus'),
(379, 131, 'Isle of Man'),
(380, 30, 'Zapadno-Kazahstanskaya obl.'),
(381, 50, 'Adygeya'),
(382, 50, 'Hakasiya'),
(383, 93, 'Dubai'),
(384, 50, 'Chukotskii AO'),
(385, 99, 'Beirut'),
(386, 137, 'Tegucigalpa'),
(387, 138, 'Santo Domingo'),
(388, 139, 'Ulan Bator'),
(389, 23, 'Sinai'),
(390, 140, 'Baghdad'),
(391, 140, 'Basra'),
(392, 140, 'Mosul'),
(393, 141, 'Johannesburg'),
(394, 104, 'Morocco'),
(395, 104, 'Tangier'),
(396, 50, 'Yamalo-Nenetskii AO'),
(397, 122, 'Tunisia'),
(398, 92, 'Thailand'),
(399, 117, 'Mozambique'),
(400, 84, 'Korea'),
(401, 87, 'Pakistan'),
(402, 142, 'Aruba'),
(403, 80, 'Bahamas'),
(404, 69, 'South Korea'),
(405, 132, 'Jamaica'),
(406, 93, 'Sharjah'),
(407, 93, 'Abu Dhabi'),
(409, 24, 'Ramat Hagolan'),
(410, 115, 'Nigeria'),
(411, 64, 'Ain'),
(412, 64, 'Haute-Savoie'),
(413, 64, 'Aisne'),
(414, 64, 'Allier'),
(415, 64, 'Alpes-de-Haute-Provence'),
(416, 64, 'Hautes-Alpes'),
(417, 64, 'Alpes-Maritimes'),
(418, 64, 'Ard&egrave;che'),
(419, 64, 'Ardennes'),
(420, 64, 'Ari&egrave;ge'),
(421, 64, 'Aube'),
(422, 64, 'Aude'),
(423, 64, 'Aveyron'),
(424, 64, 'Bouches-du-Rh&ocirc;ne'),
(425, 64, 'Calvados'),
(426, 64, 'Cantal'),
(427, 64, 'Charente'),
(428, 64, 'Charente Maritime'),
(429, 64, 'Cher'),
(430, 64, 'Corr&egrave;ze'),
(431, 64, 'Dordogne'),
(432, 64, 'Corse'),
(433, 64, 'C&ocirc;te d&#039;Or'),
(434, 64, 'Sa&ocirc;ne et Loire'),
(435, 64, 'C&ocirc;tes d&#039;Armor'),
(436, 64, 'Creuse'),
(437, 64, 'Doubs'),
(438, 64, 'Dr&ocirc;me'),
(439, 64, 'Eure'),
(440, 64, 'Eure-et-Loire'),
(441, 64, 'Finist&egrave;re'),
(442, 64, 'Gard'),
(443, 64, 'Haute-Garonne'),
(444, 64, 'Gers'),
(445, 64, 'Gironde'),
(446, 64, 'H&eacute;rault'),
(447, 64, 'Ille et Vilaine'),
(448, 64, 'Indre'),
(449, 64, 'Indre-et-Loire'),
(450, 64, 'Is&egrave;re'),
(451, 64, 'Jura'),
(452, 64, 'Landes'),
(453, 64, 'Loir-et-Cher'),
(454, 64, 'Loire'),
(455, 64, 'Rh&ocirc;ne'),
(456, 64, 'Haute-Loire'),
(457, 64, 'Loire Atlantique'),
(458, 64, 'Loiret'),
(459, 64, 'Lot'),
(460, 64, 'Lot-et-Garonne'),
(461, 64, 'Loz&egrave;re'),
(462, 64, 'Maine et Loire'),
(463, 64, 'Manche'),
(464, 64, 'Marne'),
(465, 64, 'Haute-Marne'),
(466, 64, 'Mayenne'),
(467, 64, 'Meurthe-et-Moselle'),
(468, 64, 'Meuse'),
(469, 64, 'Morbihan'),
(470, 64, 'Moselle'),
(471, 64, 'Ni&egrave;vre'),
(472, 64, 'Nord'),
(473, 64, 'Oise'),
(474, 64, 'Orne'),
(475, 64, 'Pas-de-Calais'),
(476, 64, 'Puy-de-D&ocirc;me'),
(477, 64, 'Pyr&eacute;n&eacute;es-Atlantiques'),
(478, 64, 'Hautes-Pyr&eacute;n&eacute;es'),
(479, 64, 'Pyr&eacute;n&eacute;es-Orientales'),
(480, 64, 'Bas Rhin'),
(481, 64, 'Haut Rhin'),
(482, 64, 'Haute-Sa&ocirc;ne'),
(483, 64, 'Sarthe'),
(484, 64, 'Savoie'),
(485, 64, 'Paris'),
(486, 64, 'Seine-Maritime'),
(487, 64, 'Seine-et-Marne'),
(488, 64, 'Yvelines'),
(489, 64, 'Deux-S&egrave;vres'),
(490, 64, 'Somme'),
(491, 64, 'Tarn'),
(492, 64, 'Tarn-et-Garonne'),
(493, 64, 'Var'),
(494, 64, 'Vaucluse'),
(495, 64, 'Vend&eacute;e'),
(496, 64, 'Vienne'),
(497, 64, 'Haute-Vienne'),
(498, 64, 'Vosges'),
(499, 64, 'Yonne'),
(500, 64, 'Territoire de Belfort'),
(501, 64, 'Essonne'),
(502, 64, 'Hauts-de-Seine'),
(503, 64, 'Seine-Saint-Denis'),
(504, 64, 'Val-de-Marne'),
(505, 64, 'Val-d&#039;Oise'),
(506, 29, 'Piemonte - Torino'),
(507, 29, 'Piemonte - Alessandria'),
(508, 29, 'Piemonte - Asti'),
(509, 29, 'Piemonte - Biella'),
(510, 29, 'Piemonte - Cuneo'),
(511, 29, 'Piemonte - Novara'),
(512, 29, 'Piemonte - Verbania'),
(513, 29, 'Piemonte - Vercelli'),
(514, 29, 'Valle d&#039;Aosta - Aosta'),
(515, 29, 'Lombardia - Milano'),
(516, 29, 'Lombardia - Bergamo'),
(517, 29, 'Lombardia - Brescia'),
(518, 29, 'Lombardia - Como'),
(519, 29, 'Lombardia - Cremona'),
(520, 29, 'Lombardia - Lecco'),
(521, 29, 'Lombardia - Lodi'),
(522, 29, 'Lombardia - Mantova'),
(523, 29, 'Lombardia - Pavia'),
(524, 29, 'Lombardia - Sondrio'),
(525, 29, 'Lombardia - Varese'),
(526, 29, 'Trentino Alto Adige - Trento'),
(527, 29, 'Trentino Alto Adige - Bolzano'),
(528, 29, 'Veneto - Venezia'),
(529, 29, 'Veneto - Belluno'),
(530, 29, 'Veneto - Padova'),
(531, 29, 'Veneto - Rovigo'),
(532, 29, 'Veneto - Treviso'),
(533, 29, 'Veneto - Verona'),
(534, 29, 'Veneto - Vicenza'),
(535, 29, 'Friuli Venezia Giulia - Trieste'),
(536, 29, 'Friuli Venezia Giulia - Gorizia'),
(537, 29, 'Friuli Venezia Giulia - Pordenone'),
(538, 29, 'Friuli Venezia Giulia - Udine'),
(539, 29, 'Liguria - Genova'),
(540, 29, 'Liguria - Imperia'),
(541, 29, 'Liguria - La Spezia'),
(542, 29, 'Liguria - Savona'),
(543, 29, 'Emilia Romagna - Bologna'),
(544, 29, 'Emilia Romagna - Ferrara'),
(545, 29, 'Emilia Romagna - Forl&igrave;-Cesena'),
(546, 29, 'Emilia Romagna - Modena'),
(547, 29, 'Emilia Romagna - Parma'),
(548, 29, 'Emilia Romagna - Piacenza'),
(549, 29, 'Emilia Romagna - Ravenna'),
(550, 29, 'Emilia Romagna - Reggio Emilia'),
(551, 29, 'Emilia Romagna - Rimini'),
(552, 29, 'Toscana - Firenze'),
(553, 29, 'Toscana - Arezzo'),
(554, 29, 'Toscana - Grosseto'),
(555, 29, 'Toscana - Livorno'),
(556, 29, 'Toscana - Lucca'),
(557, 29, 'Toscana - Massa Carrara'),
(558, 29, 'Toscana - Pisa'),
(559, 29, 'Toscana - Pistoia'),
(560, 29, 'Toscana - Prato'),
(561, 29, 'Toscana - Siena'),
(562, 29, 'Umbria - Perugia'),
(563, 29, 'Umbria - Terni'),
(564, 29, 'Marche - Ancona'),
(565, 29, 'Marche - Ascoli Piceno'),
(566, 29, 'Marche - Macerata'),
(567, 29, 'Marche - Pesaro - Urbino'),
(568, 29, 'Lazio - Roma'),
(569, 29, 'Lazio - Frosinone'),
(570, 29, 'Lazio - Latina'),
(571, 29, 'Lazio - Rieti'),
(572, 29, 'Lazio - Viterbo'),
(573, 29, 'Abruzzo - L&#039;Aquila'),
(574, 29, 'Abruzzo - Chieti'),
(575, 29, 'Abruzzo - Pescara'),
(576, 29, 'Abruzzo - Teramo'),
(577, 29, 'Molise - Campobasso'),
(578, 29, 'Molise - Isernia'),
(579, 29, 'Campania - Napoli'),
(580, 29, 'Campania - Avellino'),
(581, 29, 'Campania - Benevento'),
(582, 29, 'Campania - Caserta'),
(583, 29, 'Campania - Salerno'),
(584, 29, 'Puglia - Bari'),
(585, 29, 'Puglia - Brindisi'),
(586, 29, 'Puglia - Foggia'),
(587, 29, 'Puglia - Lecce'),
(588, 29, 'Puglia - Taranto'),
(589, 29, 'Basilicata - Potenza'),
(590, 29, 'Basilicata - Matera'),
(591, 29, 'Calabria - Catanzaro'),
(592, 29, 'Calabria - Cosenza'),
(593, 29, 'Calabria - Crotone'),
(594, 29, 'Calabria - Reggio Calabria'),
(595, 29, 'Calabria - Vibo Valentia'),
(596, 29, 'Sicilia - Palermo'),
(597, 29, 'Sicilia - Agrigento'),
(598, 29, 'Sicilia - Caltanissetta'),
(599, 29, 'Sicilia - Catania'),
(600, 29, 'Sicilia - Enna'),
(601, 29, 'Sicilia - Messina'),
(602, 29, 'Sicilia - Ragusa'),
(603, 29, 'Sicilia - Siracusa'),
(604, 29, 'Sicilia - Trapani'),
(605, 29, 'Sardegna - Cagliari'),
(606, 29, 'Sardegna - Nuoro'),
(607, 29, 'Sardegna - Oristano'),
(608, 29, 'Sardegna - Sassari'),
(609, 28, 'Las Palmas'),
(610, 28, 'Soria'),
(611, 28, 'Palencia'),
(612, 28, 'Zamora'),
(613, 28, 'C&aacute;diz'),
(614, 28, 'Navarra'),
(615, 28, 'Ourense'),
(616, 28, 'Segovia'),
(617, 28, 'Guip&uacute;zcoa'),
(618, 28, 'Ciudad Real'),
(619, 28, 'Vizcaya'),
(620, 28, '&Aacute;lava'),
(621, 28, 'A Coru&ntilde;a'),
(622, 28, 'Cantabria'),
(623, 28, 'Almer&iacute;a'),
(624, 28, 'Zaragoza'),
(625, 28, 'Santa Cruz de Tenerife'),
(626, 28, 'C&aacute;ceres'),
(627, 28, 'Guadalajara'),
(628, 28, '&Aacute;vila'),
(629, 28, 'Toledo'),
(630, 28, 'Castell&oacute;n'),
(631, 28, 'Tarragona'),
(632, 28, 'Lugo'),
(633, 28, 'La Rioja'),
(634, 28, 'Ceuta'),
(635, 28, 'Murcia'),
(636, 28, 'Salamanca'),
(637, 28, 'Valladolid'),
(638, 28, 'Ja&eacute;n'),
(639, 28, 'Girona'),
(640, 28, 'Granada'),
(641, 28, 'Alacant'),
(642, 28, 'C&oacute;rdoba'),
(643, 28, 'Albacete'),
(644, 28, 'Cuenca'),
(645, 28, 'Pontevedra'),
(646, 28, 'Teruel'),
(647, 28, 'Melilla'),
(648, 28, 'Barcelona'),
(649, 28, 'Badajoz'),
(650, 28, 'Madrid'),
(651, 28, 'Sevilla'),
(652, 28, 'Val&egrave;ncia'),
(653, 28, 'Huelva'),
(654, 28, 'Lleida'),
(655, 28, 'Le&oacute;n'),
(656, 28, 'Illes Balears'),
(657, 28, 'Burgos'),
(658, 28, 'Huesca'),
(659, 28, 'Asturias'),
(660, 28, 'M&aacute;laga'),
(661, 144, 'Afghanistan'),
(662, 210, 'Niger'),
(663, 133, 'Mali'),
(664, 156, 'Burkina Faso'),
(665, 136, 'Togo'),
(666, 151, 'Benin'),
(667, 119, 'Angola'),
(668, 102, 'Namibia'),
(669, 100, 'Botswana'),
(670, 134, 'Madagascar'),
(671, 202, 'Mauritius'),
(672, 196, 'Laos'),
(673, 158, 'Cambodia'),
(674, 90, 'Philippines'),
(675, 88, 'Papua New Guinea'),
(676, 228, 'Solomon Islands'),
(677, 240, 'Vanuatu'),
(678, 176, 'Fiji'),
(679, 223, 'Samoa'),
(680, 206, 'Nauru'),
(681, 168, 'Cote D&#039;Ivoire'),
(682, 198, 'Liberia'),
(683, 187, 'Guinea'),
(684, 189, 'Guyana'),
(685, 98, 'Algeria'),
(686, 147, 'Antigua and Barbuda'),
(687, 127, 'Bahrain'),
(688, 149, 'Bangladesh'),
(689, 128, 'Barbados'),
(690, 152, 'Bhutan'),
(691, 155, 'Brunei'),
(692, 157, 'Burundi'),
(693, 159, 'Cape Verde'),
(694, 130, 'Chad'),
(695, 164, 'Comoros'),
(696, 112, 'Congo (Brazzaville)'),
(697, 169, 'Djibouti'),
(698, 171, 'East Timor'),
(699, 173, 'Eritrea'),
(700, 121, 'Ethiopia'),
(701, 180, 'Gabon'),
(702, 181, 'Gambia'),
(703, 105, 'Ghana'),
(704, 197, 'Lesotho'),
(705, 125, 'Malawi'),
(706, 200, 'Maldives'),
(707, 205, 'Myanmar (Burma)'),
(708, 107, 'Nepal'),
(709, 213, 'Oman'),
(710, 217, 'Rwanda'),
(711, 91, 'Saudi Arabia'),
(712, 120, 'Sri Lanka'),
(713, 232, 'Sudan'),
(714, 234, 'Swaziland'),
(715, 101, 'Tanzania'),
(716, 236, 'Tonga'),
(717, 239, 'Tuvalu'),
(718, 242, 'Western Sahara'),
(719, 243, 'Yemen'),
(720, 116, 'Zambia'),
(721, 96, 'Zimbabwe'),
(722, 66, 'Aargau'),
(723, 66, 'Appenzell Innerrhoden'),
(724, 66, 'Appenzell Ausserrhoden'),
(725, 66, 'Bern'),
(726, 66, 'Basel-Landschaft'),
(727, 66, 'Basel-Stadt'),
(728, 66, 'Fribourg'),
(729, 66, 'Gen&egrave;ve'),
(730, 66, 'Glarus'),
(731, 66, 'Graub&uuml;nden'),
(732, 66, 'Jura'),
(733, 66, 'Luzern'),
(734, 66, 'Neuch&acirc;tel'),
(735, 66, 'Nidwalden'),
(736, 66, 'Obwalden'),
(737, 66, 'Sankt Gallen'),
(738, 66, 'Schaffhausen'),
(739, 66, 'Solothurn'),
(740, 66, 'Schwyz'),
(741, 66, 'Thurgau'),
(742, 66, 'Ticino'),
(743, 66, 'Uri'),
(744, 66, 'Vaud'),
(745, 66, 'Valais'),
(746, 66, 'Zug'),
(747, 66, 'Z&uuml;rich'),
(749, 48, 'Aveiro'),
(750, 48, 'Beja'),
(751, 48, 'Braga'),
(752, 48, 'Braganca'),
(753, 48, 'Castelo Branco'),
(754, 48, 'Coimbra'),
(755, 48, 'Evora'),
(756, 48, 'Faro'),
(757, 48, 'Madeira'),
(758, 48, 'Guarda'),
(759, 48, 'Leiria'),
(760, 48, 'Lisboa'),
(761, 48, 'Portalegre'),
(762, 48, 'Porto'),
(763, 48, 'Santarem'),
(764, 48, 'Setubal'),
(765, 48, 'Viana do Castelo'),
(766, 48, 'Vila Real'),
(767, 48, 'Viseu'),
(768, 48, 'Azores'),
(769, 55, 'Armed Forces Americas'),
(770, 55, 'Armed Forces Europe'),
(771, 55, 'Alaska'),
(772, 55, 'Alabama'),
(773, 55, 'Armed Forces Pacific'),
(774, 55, 'Arkansas'),
(775, 55, 'American Samoa'),
(776, 55, 'Arizona'),
(777, 55, 'California'),
(778, 55, 'Colorado'),
(779, 55, 'Connecticut'),
(780, 55, 'District of Columbia'),
(781, 55, 'Delaware'),
(782, 55, 'Florida'),
(783, 55, 'Federated States of Micronesia'),
(784, 55, 'Georgia'),
(786, 55, 'Hawaii'),
(787, 55, 'Iowa'),
(788, 55, 'Idaho'),
(789, 55, 'Illinois'),
(790, 55, 'Indiana'),
(791, 55, 'Kansas'),
(792, 55, 'Kentucky'),
(793, 55, 'Louisiana'),
(794, 55, 'Massachusetts'),
(795, 55, 'Maryland'),
(796, 55, 'Maine'),
(797, 55, 'Marshall Islands'),
(798, 55, 'Michigan'),
(799, 55, 'Minnesota'),
(800, 55, 'Missouri'),
(801, 55, 'Northern Mariana Islands'),
(802, 55, 'Mississippi'),
(803, 55, 'Montana'),
(804, 55, 'North Carolina'),
(805, 55, 'North Dakota'),
(806, 55, 'Nebraska'),
(807, 55, 'New Hampshire'),
(808, 55, 'New Jersey'),
(809, 55, 'New Mexico'),
(810, 55, 'Nevada'),
(811, 55, 'New York'),
(812, 55, 'Ohio'),
(813, 55, 'Oklahoma'),
(814, 55, 'Oregon'),
(815, 55, 'Pennsylvania'),
(816, 246, 'Puerto Rico'),
(817, 55, 'Palau'),
(818, 55, 'Rhode Island'),
(819, 55, 'South Carolina'),
(820, 55, 'South Dakota'),
(821, 55, 'Tennessee'),
(822, 55, 'Texas'),
(823, 55, 'Utah'),
(824, 55, 'Virginia'),
(825, 55, 'Virgin Islands'),
(826, 55, 'Vermont'),
(827, 55, 'Washington'),
(828, 55, 'West Virginia'),
(829, 55, 'Wisconsin'),
(830, 55, 'Wyoming'),
(831, 94, 'Greenland'),
(832, 18, 'Brandenburg'),
(833, 18, 'Baden-W&uuml;rttemberg'),
(834, 18, 'Bayern'),
(835, 18, 'Hessen'),
(836, 18, 'Hamburg'),
(837, 18, 'Mecklenburg-Vorpommern'),
(838, 18, 'Niedersachsen'),
(839, 18, 'Nordrhein-Westfalen'),
(840, 18, 'Rheinland-Pfalz'),
(841, 18, 'Schleswig-Holstein'),
(842, 18, 'Sachsen'),
(843, 18, 'Sachsen-Anhalt'),
(844, 18, 'Th&uuml;ringen'),
(845, 18, 'Berlin'),
(846, 18, 'Bremen'),
(847, 18, 'Saarland'),
(848, 13, 'Scotland North'),
(849, 13, 'England - East'),
(850, 13, 'England - West Midlands'),
(851, 13, 'England - South West'),
(852, 13, 'England - North West'),
(853, 13, 'England - Yorks &amp; Humber'),
(854, 13, 'England - South East'),
(855, 13, 'England - London'),
(856, 13, 'Northern Ireland'),
(857, 13, 'England - North East'),
(858, 13, 'Wales South'),
(859, 13, 'Wales North'),
(860, 13, 'England - East Midlands'),
(861, 13, 'Scotland Central'),
(862, 13, 'Scotland South'),
(863, 13, 'Channel Islands'),
(864, 13, 'Isle of Man'),
(865, 2, 'Burgenland'),
(866, 2, 'K&auml;rnten'),
(867, 2, 'Nieder&ouml;sterreich'),
(868, 2, 'Ober&ouml;sterreich'),
(869, 2, 'Salzburg'),
(870, 2, 'Steiermark'),
(871, 2, 'Tirol'),
(872, 2, 'Vorarlberg'),
(873, 2, 'Wien'),
(874, 9, 'Bruxelles'),
(875, 9, 'West-Vlaanderen'),
(876, 9, 'Oost-Vlaanderen'),
(877, 9, 'Limburg'),
(878, 9, 'Vlaams Brabant'),
(879, 9, 'Antwerpen'),
(880, 9, 'Li?ge'),
(881, 9, 'Namur'),
(882, 9, 'Hainaut'),
(883, 9, 'Luxembourg'),
(884, 9, 'Brabant Wallon'),
(887, 67, 'Blekinge Lan'),
(888, 67, 'Gavleborgs Lan'),
(890, 67, 'Gotlands Lan'),
(891, 67, 'Hallands Lan'),
(892, 67, 'Jamtlands Lan'),
(893, 67, 'Jonkopings Lan'),
(894, 67, 'Kalmar Lan'),
(895, 67, 'Dalarnas Lan'),
(897, 67, 'Kronobergs Lan'),
(899, 67, 'Norrbottens Lan'),
(900, 67, 'Orebro Lan'),
(901, 67, 'Ostergotlands Lan'),
(903, 67, 'Sodermanlands Lan'),
(904, 67, 'Uppsala Lan'),
(905, 67, 'Varmlands Lan'),
(906, 67, 'Vasterbottens Lan'),
(907, 67, 'Vasternorrlands Lan'),
(908, 67, 'Vastmanlands Lan'),
(909, 67, 'Stockholms Lan'),
(910, 67, 'Skane Lan'),
(911, 67, 'Vastra Gotaland'),
(913, 46, 'Akershus'),
(914, 46, 'Aust-Agder'),
(915, 46, 'Buskerud'),
(916, 46, 'Finnmark'),
(917, 46, 'Hedmark'),
(918, 46, 'Hordaland'),
(919, 46, 'More og Romsdal'),
(920, 46, 'Nordland'),
(921, 46, 'Nord-Trondelag'),
(922, 46, 'Oppland'),
(923, 46, 'Oslo'),
(924, 46, 'Ostfold'),
(925, 46, 'Rogaland'),
(926, 46, 'Sogn og Fjordane'),
(927, 46, 'Sor-Trondelag'),
(928, 46, 'Telemark'),
(929, 46, 'Troms'),
(930, 46, 'Vest-Agder'),
(931, 46, 'Vestfold'),
(933, 63, '&ETH;&bull;land'),
(934, 63, 'Lapland'),
(935, 63, 'Oulu'),
(936, 63, 'Southern Finland'),
(937, 63, 'Eastern Finland'),
(938, 63, 'Western Finland'),
(940, 22, 'Arhus'),
(941, 22, 'Bornholm'),
(942, 22, 'Frederiksborg'),
(943, 22, 'Fyn'),
(944, 22, 'Kobenhavn'),
(945, 22, 'Staden Kobenhavn'),
(946, 22, 'Nordjylland'),
(947, 22, 'Ribe'),
(948, 22, 'Ringkobing'),
(949, 22, 'Roskilde'),
(950, 22, 'Sonderjylland'),
(951, 22, 'Storstrom'),
(952, 22, 'Vejle'),
(953, 22, 'Vestsjalland'),
(954, 22, 'Viborg'),
(956, 65, 'Hlavni Mesto Praha'),
(957, 65, 'Jihomoravsky Kraj'),
(958, 65, 'Jihocesky Kraj'),
(959, 65, 'Vysocina'),
(960, 65, 'Karlovarsky Kraj'),
(961, 65, 'Kralovehradecky Kraj'),
(962, 65, 'Liberecky Kraj'),
(963, 65, 'Olomoucky Kraj'),
(964, 65, 'Moravskoslezsky Kraj'),
(965, 65, 'Pardubicky Kraj'),
(966, 65, 'Plzensky Kraj'),
(967, 65, 'Stredocesky Kraj'),
(968, 65, 'Ustecky Kraj'),
(969, 65, 'Zlinsky Kraj'),
(971, 114, 'Berat'),
(972, 114, 'Diber'),
(973, 114, 'Durres'),
(974, 114, 'Elbasan'),
(975, 114, 'Fier'),
(976, 114, 'Gjirokaster'),
(977, 114, 'Korce'),
(978, 114, 'Kukes'),
(979, 114, 'Lezhe'),
(980, 114, 'Shkoder'),
(981, 114, 'Tirane'),
(982, 114, 'Vlore'),
(984, 145, 'Canillo'),
(985, 145, 'Encamp'),
(986, 145, 'La Massana'),
(987, 145, 'Ordino'),
(988, 145, 'Sant Julia de Loria'),
(989, 145, 'Andorra la Vella'),
(990, 145, 'Escaldes-Engordany'),
(992, 6, 'Aragatsotn'),
(993, 6, 'Ararat'),
(994, 6, 'Armavir'),
(995, 6, 'Geghark&#039;unik&#039;'),
(996, 6, 'Kotayk&#039;'),
(997, 6, 'Lorri'),
(998, 6, 'Shirak'),
(999, 6, 'Syunik&#039;'),
(1000, 6, 'Tavush'),
(1001, 6, 'Vayots&#039; Dzor'),
(1002, 6, 'Yerevan'),
(1004, 79, 'Federation of Bosnia and Herzegovina'),
(1005, 79, 'Republika Srpska'),
(1007, 11, 'Mikhaylovgrad'),
(1008, 11, 'Blagoevgrad'),
(1009, 11, 'Burgas'),
(1010, 11, 'Dobrich'),
(1011, 11, 'Gabrovo'),
(1012, 11, 'Grad Sofiya'),
(1013, 11, 'Khaskovo'),
(1014, 11, 'Kurdzhali'),
(1015, 11, 'Kyustendil'),
(1016, 11, 'Lovech'),
(1017, 11, 'Montana'),
(1018, 11, 'Pazardzhik'),
(1019, 11, 'Pernik'),
(1020, 11, 'Pleven'),
(1021, 11, 'Plovdiv'),
(1022, 11, 'Razgrad'),
(1023, 11, 'Ruse'),
(1024, 11, 'Shumen'),
(1025, 11, 'Silistra'),
(1026, 11, 'Sliven'),
(1027, 11, 'Smolyan'),
(1028, 11, 'Sofiya'),
(1029, 11, 'Stara Zagora'),
(1030, 11, 'Turgovishte'),
(1031, 11, 'Varna'),
(1032, 11, 'Veliko Turnovo'),
(1033, 11, 'Vidin'),
(1034, 11, 'Vratsa'),
(1035, 11, 'Yambol'),
(1037, 71, 'Bjelovarsko-Bilogorska'),
(1038, 71, 'Brodsko-Posavska'),
(1039, 71, 'Dubrovacko-Neretvanska'),
(1040, 71, 'Istarska'),
(1041, 71, 'Karlovacka'),
(1042, 71, 'Koprivnicko-Krizevacka'),
(1043, 71, 'Krapinsko-Zagorska'),
(1044, 71, 'Licko-Senjska'),
(1045, 71, 'Medimurska'),
(1046, 71, 'Osjecko-Baranjska'),
(1047, 71, 'Pozesko-Slavonska'),
(1048, 71, 'Primorsko-Goranska'),
(1049, 71, 'Sibensko-Kninska'),
(1050, 71, 'Sisacko-Moslavacka'),
(1051, 71, 'Splitsko-Dalmatinska'),
(1052, 71, 'Varazdinska'),
(1053, 71, 'Viroviticko-Podravska'),
(1054, 71, 'Vukovarsko-Srijemska'),
(1055, 71, 'Zadarska'),
(1056, 71, 'Zagrebacka'),
(1057, 71, 'Grad Zagreb'),
(1059, 143, 'Gibraltar'),
(1060, 20, 'Evros'),
(1061, 20, 'Rodhopi'),
(1062, 20, 'Xanthi'),
(1063, 20, 'Drama'),
(1064, 20, 'Serrai'),
(1065, 20, 'Kilkis'),
(1066, 20, 'Pella'),
(1067, 20, 'Florina'),
(1068, 20, 'Kastoria'),
(1069, 20, 'Grevena'),
(1070, 20, 'Kozani'),
(1071, 20, 'Imathia'),
(1072, 20, 'Thessaloniki'),
(1073, 20, 'Kavala'),
(1074, 20, 'Khalkidhiki'),
(1075, 20, 'Pieria'),
(1076, 20, 'Ioannina'),
(1077, 20, 'Thesprotia'),
(1078, 20, 'Preveza'),
(1079, 20, 'Arta'),
(1080, 20, 'Larisa'),
(1081, 20, 'Trikala'),
(1082, 20, 'Kardhitsa'),
(1083, 20, 'Magnisia'),
(1084, 20, 'Kerkira'),
(1085, 20, 'Levkas'),
(1086, 20, 'Kefallinia'),
(1087, 20, 'Zakinthos'),
(1088, 20, 'Fthiotis'),
(1089, 20, 'Evritania'),
(1090, 20, 'Aitolia kai Akarnania'),
(1091, 20, 'Fokis'),
(1092, 20, 'Voiotia'),
(1093, 20, 'Evvoia'),
(1094, 20, 'Attiki'),
(1095, 20, 'Argolis'),
(1096, 20, 'Korinthia'),
(1097, 20, 'Akhaia'),
(1098, 20, 'Ilia'),
(1099, 20, 'Messinia'),
(1100, 20, 'Arkadhia'),
(1101, 20, 'Lakonia'),
(1102, 20, 'Khania'),
(1103, 20, 'Rethimni'),
(1104, 20, 'Iraklion'),
(1105, 20, 'Lasithi'),
(1106, 20, 'Dhodhekanisos'),
(1107, 20, 'Samos'),
(1108, 20, 'Kikladhes'),
(1109, 20, 'Khios'),
(1110, 20, 'Lesvos'),
(1112, 14, 'Bacs-Kiskun'),
(1113, 14, 'Baranya'),
(1114, 14, 'Bekes'),
(1115, 14, 'Borsod-Abauj-Zemplen'),
(1116, 14, 'Budapest'),
(1117, 14, 'Csongrad'),
(1118, 14, 'Debrecen'),
(1119, 14, 'Fejer'),
(1120, 14, 'Gyor-Moson-Sopron'),
(1121, 14, 'Hajdu-Bihar'),
(1122, 14, 'Heves'),
(1123, 14, 'Komarom-Esztergom'),
(1124, 14, 'Miskolc'),
(1125, 14, 'Nograd'),
(1126, 14, 'Pecs'),
(1127, 14, 'Pest'),
(1128, 14, 'Somogy'),
(1129, 14, 'Szabolcs-Szatmar-Bereg'),
(1130, 14, 'Szeged'),
(1131, 14, 'Jasz-Nagykun-Szolnok'),
(1132, 14, 'Tolna'),
(1133, 14, 'Vas'),
(1134, 14, 'Veszprem'),
(1135, 14, 'Zala'),
(1136, 14, 'Gyor'),
(1150, 14, 'Veszprem'),
(1152, 126, 'Balzers'),
(1153, 126, 'Eschen'),
(1154, 126, 'Gamprin'),
(1155, 126, 'Mauren'),
(1156, 126, 'Planken'),
(1157, 126, 'Ruggell'),
(1158, 126, 'Schaan'),
(1159, 126, 'Schellenberg'),
(1160, 126, 'Triesen'),
(1161, 126, 'Triesenberg'),
(1162, 126, 'Vaduz'),
(1163, 41, 'Diekirch'),
(1164, 41, 'Grevenmacher'),
(1165, 41, 'Luxembourg'),
(1167, 85, 'Aracinovo'),
(1168, 85, 'Bac'),
(1169, 85, 'Belcista'),
(1170, 85, 'Berovo'),
(1171, 85, 'Bistrica'),
(1172, 85, 'Bitola'),
(1173, 85, 'Blatec'),
(1174, 85, 'Bogdanci'),
(1175, 85, 'Bogomila'),
(1176, 85, 'Bogovinje'),
(1177, 85, 'Bosilovo'),
(1179, 85, 'Cair'),
(1180, 85, 'Capari'),
(1181, 85, 'Caska'),
(1182, 85, 'Cegrane'),
(1184, 85, 'Centar Zupa'),
(1187, 85, 'Debar'),
(1188, 85, 'Delcevo'),
(1190, 85, 'Demir Hisar'),
(1191, 85, 'Demir Kapija'),
(1195, 85, 'Dorce Petrov'),
(1198, 85, 'Gazi Baba'),
(1199, 85, 'Gevgelija'),
(1200, 85, 'Gostivar'),
(1201, 85, 'Gradsko'),
(1204, 85, 'Jegunovce'),
(1205, 85, 'Kamenjane'),
(1207, 85, 'Karpos'),
(1208, 85, 'Kavadarci'),
(1209, 85, 'Kicevo'),
(1210, 85, 'Kisela Voda'),
(1211, 85, 'Klecevce'),
(1212, 85, 'Kocani'),
(1214, 85, 'Kondovo'),
(1217, 85, 'Kratovo'),
(1219, 85, 'Krivogastani'),
(1220, 85, 'Krusevo'),
(1223, 85, 'Kumanovo'),
(1224, 85, 'Labunista'),
(1225, 85, 'Lipkovo'),
(1228, 85, 'Makedonska Kamenica'),
(1229, 85, 'Makedonski Brod'),
(1234, 85, 'Murtino'),
(1235, 85, 'Negotino'),
(1238, 85, 'Novo Selo'),
(1240, 85, 'Ohrid'),
(1242, 85, 'Orizari'),
(1245, 85, 'Petrovec'),
(1248, 85, 'Prilep'),
(1249, 85, 'Probistip'),
(1250, 85, 'Radovis'),
(1252, 85, 'Resen'),
(1253, 85, 'Rosoman'),
(1256, 85, 'Saraj'),
(1260, 85, 'Srbinovo'),
(1262, 85, 'Star Dojran'),
(1264, 85, 'Stip'),
(1265, 85, 'Struga'),
(1266, 85, 'Strumica'),
(1267, 85, 'Studenicani'),
(1268, 85, 'Suto Orizari'),
(1269, 85, 'Sveti Nikole'),
(1270, 85, 'Tearce'),
(1271, 85, 'Tetovo'),
(1273, 85, 'Valandovo'),
(1275, 85, 'Veles'),
(1277, 85, 'Vevcani'),
(1278, 85, 'Vinica'),
(1281, 85, 'Vrapciste'),
(1286, 85, 'Zelino'),
(1289, 85, 'Zrnovci'),
(1291, 86, 'Malta'),
(1292, 44, 'La Condamine'),
(1293, 44, 'Monaco'),
(1294, 44, 'Monte-Carlo'),
(1295, 47, 'Biala Podlaska'),
(1296, 47, 'Bialystok'),
(1297, 47, 'Bielsko'),
(1298, 47, 'Bydgoszcz'),
(1299, 47, 'Chelm'),
(1300, 47, 'Ciechanow'),
(1301, 47, 'Czestochowa'),
(1302, 47, 'Elblag'),
(1303, 47, 'Gdansk'),
(1304, 47, 'Gorzow'),
(1305, 47, 'Jelenia Gora'),
(1306, 47, 'Kalisz'),
(1307, 47, 'Katowice'),
(1308, 47, 'Kielce'),
(1309, 47, 'Konin'),
(1310, 47, 'Koszalin'),
(1311, 47, 'Krakow'),
(1312, 47, 'Krosno'),
(1313, 47, 'Legnica'),
(1314, 47, 'Leszno'),
(1315, 47, 'Lodz'),
(1316, 47, 'Lomza'),
(1317, 47, 'Lublin'),
(1318, 47, 'Nowy Sacz'),
(1319, 47, 'Olsztyn'),
(1320, 47, 'Opole'),
(1321, 47, 'Ostroleka'),
(1322, 47, 'Pila'),
(1323, 47, 'Piotrkow'),
(1324, 47, 'Plock'),
(1325, 47, 'Poznan'),
(1326, 47, 'Przemysl'),
(1327, 47, 'Radom'),
(1328, 47, 'Rzeszow'),
(1329, 47, 'Siedlce'),
(1330, 47, 'Sieradz'),
(1331, 47, 'Skierniewice'),
(1332, 47, 'Slupsk'),
(1333, 47, 'Suwalki'),
(1335, 47, 'Tarnobrzeg'),
(1336, 47, 'Tarnow'),
(1337, 47, 'Torun'),
(1338, 47, 'Walbrzych'),
(1339, 47, 'Warszawa'),
(1340, 47, 'Wloclawek'),
(1341, 47, 'Wroclaw'),
(1342, 47, 'Zamosc'),
(1343, 47, 'Zielona Gora'),
(1344, 47, 'Dolnoslaskie'),
(1345, 47, 'Kujawsko-Pomorskie'),
(1346, 47, 'Lodzkie'),
(1347, 47, 'Lubelskie'),
(1348, 47, 'Lubuskie'),
(1349, 47, 'Malopolskie'),
(1350, 47, 'Mazowieckie'),
(1351, 47, 'Opolskie'),
(1352, 47, 'Podkarpackie'),
(1353, 47, 'Podlaskie'),
(1354, 47, 'Pomorskie'),
(1355, 47, 'Slaskie'),
(1356, 47, 'Swietokrzyskie'),
(1357, 47, 'Warminsko-Mazurskie'),
(1358, 47, 'Wielkopolskie'),
(1359, 47, 'Zachodniopomorskie'),
(1361, 72, 'Alba'),
(1362, 72, 'Arad'),
(1363, 72, 'Arges'),
(1364, 72, 'Bacau'),
(1365, 72, 'Bihor'),
(1366, 72, 'Bistrita-Nasaud'),
(1367, 72, 'Botosani'),
(1368, 72, 'Braila'),
(1369, 72, 'Brasov'),
(1370, 72, 'Bucuresti'),
(1371, 72, 'Buzau'),
(1372, 72, 'Caras-Severin'),
(1373, 72, 'Cluj'),
(1374, 72, 'Constanta'),
(1375, 72, 'Covasna'),
(1376, 72, 'Dambovita'),
(1377, 72, 'Dolj'),
(1378, 72, 'Galati'),
(1379, 72, 'Gorj'),
(1380, 72, 'Harghita'),
(1381, 72, 'Hunedoara'),
(1382, 72, 'Ialomita'),
(1383, 72, 'Iasi'),
(1384, 72, 'Maramures'),
(1385, 72, 'Mehedinti'),
(1386, 72, 'Mures'),
(1387, 72, 'Neamt'),
(1388, 72, 'Olt'),
(1389, 72, 'Prahova'),
(1390, 72, 'Salaj'),
(1391, 72, 'Satu Mare'),
(1392, 72, 'Sibiu'),
(1393, 72, 'Suceava'),
(1394, 72, 'Teleorman'),
(1395, 72, 'Timis'),
(1396, 72, 'Tulcea'),
(1397, 72, 'Vaslui'),
(1398, 72, 'Valcea'),
(1399, 72, 'Vrancea'),
(1400, 72, 'Calarasi'),
(1401, 72, 'Giurgiu'),
(1404, 224, 'Acquaviva'),
(1405, 224, 'Chiesanuova'),
(1406, 224, 'Domagnano'),
(1407, 224, 'Faetano'),
(1408, 224, 'Fiorentino'),
(1409, 224, 'Borgo Maggiore'),
(1410, 224, 'San Marino'),
(1411, 224, 'Monte Giardino'),
(1412, 224, 'Serravalle'),
(1413, 52, 'Banska Bystrica'),
(1414, 52, 'Bratislava'),
(1415, 52, 'Kosice'),
(1416, 52, 'Nitra'),
(1417, 52, 'Presov'),
(1418, 52, 'Trencin'),
(1419, 52, 'Trnava'),
(1420, 52, 'Zilina'),
(1423, 53, 'Beltinci'),
(1425, 53, 'Bohinj'),
(1426, 53, 'Borovnica'),
(1427, 53, 'Bovec'),
(1428, 53, 'Brda'),
(1429, 53, 'Brezice'),
(1430, 53, 'Brezovica'),
(1432, 53, 'Cerklje na Gorenjskem'),
(1434, 53, 'Cerkno'),
(1436, 53, 'Crna na Koroskem'),
(1437, 53, 'Crnomelj'),
(1438, 53, 'Divaca'),
(1439, 53, 'Dobrepolje'),
(1440, 53, 'Dol pri Ljubljani'),
(1443, 53, 'Duplek'),
(1447, 53, 'Gornji Grad'),
(1450, 53, 'Hrastnik'),
(1451, 53, 'Hrpelje-Kozina'),
(1452, 53, 'Idrija'),
(1453, 53, 'Ig'),
(1454, 53, 'Ilirska Bistrica'),
(1455, 53, 'Ivancna Gorica'),
(1462, 53, 'Komen'),
(1463, 53, 'Koper-Capodistria'),
(1464, 53, 'Kozje'),
(1465, 53, 'Kranj'),
(1466, 53, 'Kranjska Gora'),
(1467, 53, 'Krsko'),
(1469, 53, 'Lasko'),
(1470, 53, 'Ljubljana'),
(1471, 53, 'Ljubno'),
(1472, 53, 'Logatec'),
(1475, 53, 'Medvode'),
(1476, 53, 'Menges'),
(1478, 53, 'Mezica'),
(1480, 53, 'Moravce'),
(1482, 53, 'Mozirje'),
(1483, 53, 'Murska Sobota'),
(1487, 53, 'Nova Gorica'),
(1489, 53, 'Ormoz'),
(1491, 53, 'Pesnica'),
(1494, 53, 'Postojna'),
(1497, 53, 'Radece'),
(1498, 53, 'Radenci'),
(1500, 53, 'Radovljica'),
(1502, 53, 'Rogaska Slatina'),
(1505, 53, 'Sencur'),
(1506, 53, 'Sentilj'),
(1508, 53, 'Sevnica'),
(1509, 53, 'Sezana'),
(1511, 53, 'Skofja Loka'),
(1513, 53, 'Slovenj Gradec'),
(1514, 53, 'Slovenske Konjice'),
(1515, 53, 'Smarje pri Jelsah'),
(1521, 53, 'Tolmin'),
(1522, 53, 'Trbovlje'),
(1524, 53, 'Trzic'),
(1526, 53, 'Velenje'),
(1528, 53, 'Vipava'),
(1531, 53, 'Vrhnika'),
(1532, 53, 'Vuzenica'),
(1533, 53, 'Zagorje ob Savi'),
(1535, 53, 'Zelezniki'),
(1536, 53, 'Ziri'),
(1537, 53, 'Zrece'),
(1539, 53, 'Domzale'),
(1540, 53, 'Jesenice'),
(1541, 53, 'Kamnik'),
(1542, 53, 'Kocevje'),
(1544, 53, 'Lenart'),
(1545, 53, 'Litija'),
(1546, 53, 'Ljutomer'),
(1550, 53, 'Maribor'),
(1552, 53, 'Novo Mesto'),
(1553, 53, 'Piran'),
(1554, 53, 'Preddvor'),
(1555, 53, 'Ptuj'),
(1556, 53, 'Ribnica'),
(1558, 53, 'Sentjur pri Celju'),
(1559, 53, 'Slovenska Bistrica'),
(1560, 53, 'Videm'),
(1562, 53, 'Zalec'),
(1564, 109, 'Seychelles'),
(1565, 108, 'Mauritania'),
(1566, 135, 'Senegal'),
(1567, 154, 'Road Town'),
(1568, 165, 'Congo'),
(1569, 166, 'Avarua'),
(1570, 172, 'Malabo'),
(1571, 175, 'Torshavn'),
(1572, 178, 'Papeete'),
(1573, 184, 'St George&#039;s'),
(1574, 186, 'St Peter Port'),
(1575, 188, 'Bissau'),
(1576, 193, 'Saint Helier'),
(1577, 201, 'Fort-de-France'),
(1578, 207, 'Willemstad'),
(1579, 208, 'Noumea'),
(1580, 212, 'Kingston'),
(1581, 215, 'Adamstown'),
(1582, 216, 'Doha'),
(1583, 218, 'Jamestown'),
(1584, 219, 'Basseterre'),
(1585, 220, 'Castries'),
(1586, 221, 'Saint Pierre'),
(1587, 222, 'Kingstown'),
(1588, 225, 'San Tome'),
(1589, 226, 'Belgrade'),
(1590, 227, 'Freetown'),
(1591, 229, 'Mogadishu'),
(1592, 235, 'Fakaofo'),
(1593, 237, 'Port of Spain'),
(1594, 241, 'Mata-Utu'),
(1596, 89, 'Amazonas'),
(1597, 89, 'Ancash'),
(1598, 89, 'Apur&iacute;mac'),
(1599, 89, 'Arequipa'),
(1600, 89, 'Ayacucho'),
(1601, 89, 'Cajamarca'),
(1602, 89, 'Callao'),
(1603, 89, 'Cusco'),
(1604, 89, 'Huancavelica'),
(1605, 89, 'Hu&aacute;nuco'),
(1606, 89, 'Ica'),
(1607, 89, 'Jun&iacute;n'),
(1608, 89, 'La Libertad'),
(1609, 89, 'Lambayeque'),
(1610, 89, 'Lima'),
(1611, 89, 'Loreto'),
(1612, 89, 'Madre de Dios'),
(1613, 89, 'Moquegua'),
(1614, 89, 'Pasco'),
(1615, 89, 'Piura'),
(1616, 89, 'Puno'),
(1617, 89, 'San Mart&iacute;n'),
(1618, 89, 'Tacna'),
(1619, 89, 'Tumbes'),
(1620, 89, 'Ucayali'),
(1622, 110, 'Alto Paran&aacute;'),
(1623, 110, 'Amambay'),
(1624, 110, 'Boquer&oacute;n'),
(1625, 110, 'Caaguaz&uacute;'),
(1626, 110, 'Caazap&aacute;'),
(1627, 110, 'Central'),
(1628, 110, 'Concepci&oacute;n'),
(1629, 110, 'Cordillera'),
(1630, 110, 'Guair&aacute;'),
(1631, 110, 'Itap&uacute;a'),
(1632, 110, 'Misiones'),
(1633, 110, 'Neembuc&uacute;'),
(1634, 110, 'Paraguar&iacute;'),
(1635, 110, 'Presidente Hayes'),
(1636, 110, 'San Pedro'),
(1637, 110, 'Alto Paraguay'),
(1638, 110, 'Canindey&uacute;'),
(1639, 110, 'Chaco'),
(1642, 111, 'Artigas'),
(1643, 111, 'Canelones'),
(1644, 111, 'Cerro Largo'),
(1645, 111, 'Colonia'),
(1646, 111, 'Durazno'),
(1647, 111, 'Flores'),
(1648, 111, 'Florida'),
(1649, 111, 'Lavalleja'),
(1650, 111, 'Maldonado'),
(1651, 111, 'Montevideo'),
(1652, 111, 'Paysand&uacute;'),
(1653, 111, 'R&iacute;o Negro'),
(1654, 111, 'Rivera'),
(1655, 111, 'Rocha'),
(1656, 111, 'Salto'),
(1657, 111, 'San Jos&eacute;'),
(1658, 111, 'Soriano'),
(1659, 111, 'Tacuaremb&oacute;'),
(1660, 111, 'Treinta y Tres'),
(1662, 81, 'Valpara&iacute;so'),
(1663, 81, 'Ais&eacute;n del General Carlos Ib&aacute;nez del Campo'),
(1664, 81, 'Antofagasta'),
(1665, 81, 'Araucan&iacute;a'),
(1666, 81, 'Atacama'),
(1667, 81, 'B&iacute;o-B&iacute;o'),
(1668, 81, 'Coquimbo'),
(1669, 81, 'Libertador General Bernardo O&#039;Higgins'),
(1670, 81, 'Los Lagos'),
(1671, 81, 'Magallanes y de la Ant&aacute;rtica Chilena'),
(1672, 81, 'Maule'),
(1673, 81, 'Region Metropolitana'),
(1674, 81, 'Tarapac&aacute;'),
(1676, 185, 'Alta Verapaz'),
(1677, 185, 'Baja Verapaz'),
(1678, 185, 'Chimaltenango'),
(1679, 185, 'Chiquimula'),
(1680, 185, 'El Progreso'),
(1681, 185, 'Escuintla'),
(1682, 185, 'Guatemala'),
(1683, 185, 'Huehuetenango'),
(1684, 185, 'Izabal'),
(1685, 185, 'Jalapa'),
(1686, 185, 'Jutiapa'),
(1687, 185, 'Pet&eacute;n'),
(1688, 185, 'Quetzaltenango'),
(1689, 185, 'Quich&eacute;'),
(1690, 185, 'Retalhuleu'),
(1691, 185, 'Sacatep&eacute;quez'),
(1692, 185, 'San Marcos'),
(1693, 185, 'Santa Rosa'),
(1694, 185, 'Solol&aacute;'),
(1695, 185, 'Suchitepequez'),
(1696, 185, 'Totonicap&aacute;n'),
(1697, 185, 'Zacapa'),
(1699, 82, 'Amazonas'),
(1700, 82, 'Antioquia'),
(1701, 82, 'Arauca'),
(1702, 82, 'Atl&aacute;ntico'),
(1703, 82, 'Caquet&aacute;'),
(1704, 82, 'Cauca'),
(1705, 82, 'C&eacute;sar'),
(1706, 82, 'Choc&oacute;'),
(1707, 82, 'C&oacute;rdoba'),
(1708, 82, 'Guaviare'),
(1709, 82, 'Guain&iacute;a'),
(1710, 82, 'Huila'),
(1711, 82, 'La Guajira'),
(1712, 82, 'Meta'),
(1713, 82, 'Narino'),
(1714, 82, 'Norte de Santander'),
(1715, 82, 'Putumayo'),
(1716, 82, 'Quind&iacute;o'),
(1717, 82, 'Risaralda'),
(1718, 82, 'San Andr&eacute;s y Providencia'),
(1719, 82, 'Santander'),
(1720, 82, 'Sucre'),
(1721, 82, 'Tolima'),
(1722, 82, 'Valle del Cauca'),
(1723, 82, 'Vaup&eacute;s'),
(1724, 82, 'Vichada'),
(1725, 82, 'Casanare'),
(1726, 82, 'Cundinamarca'),
(1727, 82, 'Distrito Especial'),
(1730, 82, 'Caldas'),
(1731, 82, 'Magdalena'),
(1733, 42, 'Aguascalientes'),
(1734, 42, 'Baja California'),
(1735, 42, 'Baja California Sur'),
(1736, 42, 'Campeche'),
(1737, 42, 'Chiapas'),
(1738, 42, 'Chihuahua'),
(1739, 42, 'Coahuila de Zaragoza'),
(1740, 42, 'Colima'),
(1741, 42, 'Distrito Federal'),
(1742, 42, 'Durango'),
(1743, 42, 'Guanajuato'),
(1744, 42, 'Guerrero'),
(1745, 42, 'Hidalgo'),
(1746, 42, 'Jalisco'),
(1747, 42, 'M&eacute;xico'),
(1748, 42, 'Michoac&aacute;n de Ocampo'),
(1749, 42, 'Morelos'),
(1750, 42, 'Nayarit'),
(1751, 42, 'Nuevo Le&oacute;n'),
(1752, 42, 'Oaxaca'),
(1753, 42, 'Puebla'),
(1754, 42, 'Quer&eacute;taro de Arteaga'),
(1755, 42, 'Quintana Roo'),
(1756, 42, 'San Luis Potos&iacute;'),
(1757, 42, 'Sinaloa'),
(1758, 42, 'Sonora'),
(1759, 42, 'Tabasco'),
(1760, 42, 'Tamaulipas'),
(1761, 42, 'Tlaxcala'),
(1762, 42, 'Veracruz-Llave'),
(1763, 42, 'Yucat&aacute;n'),
(1764, 42, 'Zacatecas'),
(1766, 124, 'Bocas del Toro'),
(1767, 124, 'Chiriqu&iacute;'),
(1768, 124, 'Cocl&eacute;'),
(1769, 124, 'Col&oacute;n'),
(1770, 124, 'Dari&eacute;n'),
(1771, 124, 'Herrera'),
(1772, 124, 'Los Santos'),
(1773, 124, 'Panam&aacute;'),
(1774, 124, 'San Blas'),
(1775, 124, 'Veraguas'),
(1777, 123, 'Chuquisaca'),
(1778, 123, 'Cochabamba'),
(1779, 123, 'El Beni'),
(1780, 123, 'La Paz'),
(1781, 123, 'Oruro'),
(1782, 123, 'Pando'),
(1783, 123, 'Potos&iacute;'),
(1784, 123, 'Santa Cruz'),
(1785, 123, 'Tarija'),
(1787, 36, 'Alajuela'),
(1788, 36, 'Cartago'),
(1789, 36, 'Guanacaste'),
(1790, 36, 'Heredia'),
(1791, 36, 'Lim&oacute;n'),
(1792, 36, 'Puntarenas'),
(1793, 36, 'San Jos&eacute;'),
(1795, 103, 'Gal&aacute;pagos'),
(1796, 103, 'Azuay'),
(1797, 103, 'Bol&iacute;var'),
(1798, 103, 'Canar'),
(1799, 103, 'Carchi'),
(1800, 103, 'Chimborazo'),
(1801, 103, 'Cotopaxi'),
(1802, 103, 'El Oro'),
(1803, 103, 'Esmeraldas'),
(1804, 103, 'Guayas'),
(1805, 103, 'Imbabura'),
(1806, 103, 'Loja'),
(1807, 103, 'Los R&iacute;os'),
(1808, 103, 'Manab&iacute;'),
(1809, 103, 'Morona-Santiago'),
(1810, 103, 'Pastaza'),
(1811, 103, 'Pichincha'),
(1812, 103, 'Tungurahua'),
(1813, 103, 'Zamora-Chinchipe'),
(1814, 103, 'Sucumb&iacute;os'),
(1815, 103, 'Napo'),
(1816, 103, 'Orellana'),
(1818, 5, 'Buenos Aires'),
(1819, 5, 'Catamarca'),
(1820, 5, 'Chaco'),
(1821, 5, 'Chubut'),
(1822, 5, 'C&oacute;rdoba'),
(1823, 5, 'Corrientes'),
(1824, 5, 'Distrito Federal'),
(1825, 5, 'Entre R&iacute;os'),
(1826, 5, 'Formosa'),
(1827, 5, 'Jujuy'),
(1828, 5, 'La Pampa'),
(1829, 5, 'La Rioja'),
(1830, 5, 'Mendoza'),
(1831, 5, 'Misiones'),
(1832, 5, 'Neuqu&eacute;n'),
(1833, 5, 'R&iacute;o Negro'),
(1834, 5, 'Salta'),
(1835, 5, 'San Juan'),
(1836, 5, 'San Luis'),
(1837, 5, 'Santa Cruz'),
(1838, 5, 'Santa Fe'),
(1839, 5, 'Santiago del Estero'),
(1840, 5, 'Tierra del Fuego'),
(1841, 5, 'Tucum&aacute;n'),
(1843, 95, 'Amazonas'),
(1844, 95, 'Anzoategui'),
(1845, 95, 'Apure'),
(1846, 95, 'Aragua'),
(1847, 95, 'Barinas'),
(1848, 95, 'Bol&iacute;var'),
(1849, 95, 'Carabobo'),
(1850, 95, 'Cojedes'),
(1851, 95, 'Delta Amacuro'),
(1852, 95, 'Falc&oacute;n'),
(1853, 95, 'Gu&aacute;rico'),
(1854, 95, 'Lara'),
(1855, 95, 'M&eacute;rida'),
(1856, 95, 'Miranda'),
(1857, 95, 'Monagas'),
(1858, 95, 'Nueva Esparta'),
(1859, 95, 'Portuguesa'),
(1860, 95, 'Sucre'),
(1861, 95, 'T&aacute;chira'),
(1862, 95, 'Trujillo'),
(1863, 95, 'Yaracuy'),
(1864, 95, 'Zulia'),
(1865, 95, 'Dependencias Federales'),
(1866, 95, 'Distrito Federal'),
(1867, 95, 'Vargas'),
(1869, 209, 'Boaco'),
(1870, 209, 'Carazo'),
(1871, 209, 'Chinandega'),
(1872, 209, 'Chontales'),
(1873, 209, 'Estel&iacute;'),
(1874, 209, 'Granada'),
(1875, 209, 'Jinotega'),
(1876, 209, 'Le&oacute;n'),
(1877, 209, 'Madriz'),
(1878, 209, 'Managua'),
(1879, 209, 'Masaya'),
(1880, 209, 'Matagalpa'),
(1881, 209, 'Nueva Segovia'),
(1882, 209, 'Rio San Juan'),
(1883, 209, 'Rivas'),
(1884, 209, 'Zelaya'),
(1886, 113, 'Pinar del Rio'),
(1887, 113, 'Ciudad de la Habana'),
(1888, 113, 'Matanzas'),
(1889, 113, 'Isla de la Juventud'),
(1890, 113, 'Camaguey'),
(1891, 113, 'Ciego de Avila'),
(1892, 113, 'Cienfuegos'),
(1893, 113, 'Granma'),
(1894, 113, 'Guantanamo'),
(1895, 113, 'La Habana'),
(1896, 113, 'Holguin'),
(1897, 113, 'Las Tunas'),
(1898, 113, 'Sancti Spiritus'),
(1899, 113, 'Santiago de Cuba'),
(1900, 113, 'Villa Clara'),
(1901, 12, 'Acre'),
(1902, 12, 'Alagoas'),
(1903, 12, 'Amapa'),
(1904, 12, 'Amazonas'),
(1905, 12, 'Bahia'),
(1906, 12, 'Ceara'),
(1907, 12, 'Distrito Federal'),
(1908, 12, 'Espirito Santo'),
(1909, 12, 'Mato Grosso do Sul'),
(1910, 12, 'Maranhao'),
(1911, 12, 'Mato Grosso'),
(1912, 12, 'Minas Gerais'),
(1913, 12, 'Para'),
(1914, 12, 'Paraiba'),
(1915, 12, 'Parana'),
(1916, 12, 'Piaui'),
(1917, 12, 'Rio de Janeiro'),
(1918, 12, 'Rio Grande do Norte'),
(1919, 12, 'Rio Grande do Sul'),
(1920, 12, 'Rondonia'),
(1921, 12, 'Roraima'),
(1922, 12, 'Santa Catarina'),
(1923, 12, 'Sao Paulo'),
(1924, 12, 'Sergipe'),
(1925, 12, 'Goias'),
(1926, 12, 'Pernambuco'),
(1927, 12, 'Tocantins'),
(1930, 83, 'Akureyri'),
(1931, 83, 'Arnessysla'),
(1932, 83, 'Austur-Bardastrandarsysla'),
(1933, 83, 'Austur-Hunavatnssysla'),
(1934, 83, 'Austur-Skaftafellssysla'),
(1935, 83, 'Borgarfjardarsysla'),
(1936, 83, 'Dalasysla'),
(1937, 83, 'Eyjafjardarsysla'),
(1938, 83, 'Gullbringusysla'),
(1939, 83, 'Hafnarfjordur'),
(1943, 83, 'Kjosarsysla'),
(1944, 83, 'Kopavogur'),
(1945, 83, 'Myrasysla'),
(1946, 83, 'Neskaupstadur'),
(1947, 83, 'Nordur-Isafjardarsysla'),
(1948, 83, 'Nordur-Mulasysla'),
(1949, 83, 'Nordur-Tingeyjarsysla'),
(1950, 83, 'Olafsfjordur'),
(1951, 83, 'Rangarvallasysla'),
(1952, 83, 'Reykjavik'),
(1953, 83, 'Saudarkrokur'),
(1954, 83, 'Seydisfjordur'),
(1956, 83, 'Skagafjardarsysla'),
(1957, 83, 'Snafellsnes- og Hnappadalssysla'),
(1958, 83, 'Strandasysla'),
(1959, 83, 'Sudur-Mulasysla'),
(1960, 83, 'Sudur-Tingeyjarsysla'),
(1961, 83, 'Vestmannaeyjar'),
(1962, 83, 'Vestur-Bardastrandarsysla'),
(1964, 83, 'Vestur-Isafjardarsysla'),
(1965, 83, 'Vestur-Skaftafellssysla'),
(1966, 35, 'Anhui'),
(1967, 35, 'Zhejiang'),
(1968, 35, 'Jiangxi'),
(1969, 35, 'Jiangsu'),
(1970, 35, 'Jilin'),
(1971, 35, 'Qinghai'),
(1972, 35, 'Fujian'),
(1973, 35, 'Heilongjiang'),
(1974, 35, 'Henan'),
(1975, 35, 'Hebei'),
(1976, 35, 'Hunan'),
(1977, 35, 'Hubei'),
(1978, 35, 'Xinjiang'),
(1979, 35, 'Xizang'),
(1980, 35, 'Gansu'),
(1981, 35, 'Guangxi'),
(1982, 35, 'Guizhou'),
(1983, 35, 'Liaoning'),
(1984, 35, 'Nei Mongol'),
(1985, 35, 'Ningxia'),
(1986, 35, 'Beijing'),
(1987, 35, 'Shanghai'),
(1988, 35, 'Shanxi'),
(1989, 35, 'Shandong'),
(1990, 35, 'Shaanxi'),
(1991, 35, 'Sichuan'),
(1992, 35, 'Tianjin'),
(1993, 35, 'Yunnan'),
(1994, 35, 'Guangdong'),
(1995, 35, 'Hainan'),
(1996, 35, 'Chongqing'),
(1997, 97, 'Central'),
(1998, 97, 'Coast'),
(1999, 97, 'Eastern'),
(2000, 97, 'Nairobi Area'),
(2001, 97, 'North-Eastern'),
(2002, 97, 'Nyanza'),
(2003, 97, 'Rift Valley'),
(2004, 97, 'Western'),
(2006, 195, 'Gilbert Islands'),
(2007, 195, 'Line Islands'),
(2008, 195, 'Phoenix Islands'),
(2010, 1, 'Australian Capital Territory'),
(2011, 1, 'New South Wales'),
(2012, 1, 'Northern Territory'),
(2013, 1, 'Queensland'),
(2014, 1, 'South Australia'),
(2015, 1, 'Tasmania'),
(2016, 1, 'Victoria'),
(2017, 1, 'Western Australia'),
(2018, 27, 'Dublin'),
(2019, 27, 'Galway'),
(2020, 27, 'Kildare'),
(2021, 27, 'Leitrim'),
(2022, 27, 'Limerick'),
(2023, 27, 'Mayo'),
(2024, 27, 'Meath'),
(2025, 27, 'Carlow'),
(2026, 27, 'Kilkenny'),
(2027, 27, 'Laois'),
(2028, 27, 'Longford'),
(2029, 27, 'Louth'),
(2030, 27, 'Offaly'),
(2031, 27, 'Westmeath'),
(2032, 27, 'Wexford'),
(2033, 27, 'Wicklow'),
(2034, 27, 'Roscommon'),
(2035, 27, 'Sligo'),
(2036, 27, 'Clare'),
(2037, 27, 'Cork'),
(2038, 27, 'Kerry'),
(2039, 27, 'Tipperary'),
(2040, 27, 'Waterford'),
(2041, 27, 'Cavan'),
(2042, 27, 'Donegal'),
(2043, 27, 'Monaghan'),
(2044, 50, 'Karachaeva-Cherkesskaya Respublica'),
(2045, 50, 'Raimirskii (Dolgano-Nenetskii) AO'),
(2046, 50, 'Respublica Tiva'),
(2047, 32, 'Newfoundland'),
(2048, 32, 'Nova Scotia'),
(2049, 32, 'Prince Edward Island'),
(2050, 32, 'New Brunswick'),
(2051, 32, 'Quebec'),
(2052, 32, 'Ontario'),
(2053, 32, 'Manitoba'),
(2054, 32, 'Saskatchewan'),
(2055, 32, 'Alberta'),
(2056, 32, 'British Columbia'),
(2057, 32, 'Nunavut'),
(2058, 32, 'Northwest Territories'),
(2059, 32, 'Yukon Territory'),
(2060, 19, 'Drenthe'),
(2061, 19, 'Friesland'),
(2062, 19, 'Gelderland'),
(2063, 19, 'Groningen'),
(2064, 19, 'Limburg'),
(2065, 19, 'Noord-Brabant'),
(2066, 19, 'Noord-Holland'),
(2067, 19, 'Utrecht'),
(2068, 19, 'Zeeland'),
(2069, 19, 'Zuid-Holland'),
(2071, 19, 'Overijssel'),
(2072, 19, 'Flevoland'),
(2073, 138, 'Duarte'),
(2074, 138, 'Puerto Plata'),
(2075, 138, 'Valverde'),
(2076, 138, 'Mar&iacute;a Trinidad S&aacute;nchez'),
(2077, 138, 'Azua'),
(2078, 138, 'Santiago'),
(2079, 138, 'San Crist&oacute;bal'),
(2080, 138, 'Peravia'),
(2081, 138, 'El&iacute;as Pi&ntilde;a'),
(2082, 138, 'Barahona'),
(2083, 138, 'Monte Plata'),
(2084, 138, 'Salcedo'),
(2085, 138, 'La Altagracia'),
(2086, 138, 'San Juan'),
(2087, 138, 'Monse&ntilde;or Nouel'),
(2088, 138, 'Monte Cristi'),
(2089, 138, 'Espaillat'),
(2090, 138, 'S&aacute;nchez Ram&iacute;rez'),
(2091, 138, 'La Vega'),
(2092, 138, 'San Pedro de Macor&iacute;s'),
(2093, 138, 'Independencia'),
(2094, 138, 'Dajab&oacute;n'),
(2095, 138, 'Baoruco'),
(2096, 138, 'El Seibo'),
(2097, 138, 'Hato Mayor'),
(2098, 138, 'La Romana'),
(2099, 138, 'Pedernales'),
(2100, 138, 'Saman&aacute;'),
(2101, 138, 'Santiago Rodr&iacute;guez'),
(2102, 138, 'San Jos&eacute; de Ocoa'),
(2103, 70, 'Chiba'),
(2104, 70, 'Ehime'),
(2105, 70, 'Oita'),
(2106, 85, 'Skopje'),
(2108, 35, 'Schanghai'),
(2109, 35, 'Hongkong'),
(2110, 35, 'Neimenggu'),
(2111, 35, 'Aomen'),
(2112, 92, 'Amnat Charoen'),
(2113, 92, 'Ang Thong'),
(2114, 92, 'Bangkok'),
(2115, 92, 'Buri Ram'),
(2116, 92, 'Chachoengsao'),
(2117, 92, 'Chai Nat'),
(2118, 92, 'Chaiyaphum'),
(2119, 92, 'Chanthaburi'),
(2120, 92, 'Chiang Mai'),
(2121, 92, 'Chiang Rai'),
(2122, 92, 'Chon Buri'),
(2124, 92, 'Kalasin'),
(2126, 92, 'Kanchanaburi'),
(2127, 92, 'Khon Kaen'),
(2128, 92, 'Krabi'),
(2129, 92, 'Lampang'),
(2131, 92, 'Loei'),
(2132, 92, 'Lop Buri'),
(2133, 92, 'Mae Hong Son'),
(2134, 92, 'Maha Sarakham'),
(2137, 92, 'Nakhon Pathom'),
(2139, 92, 'Nakhon Ratchasima'),
(2140, 92, 'Nakhon Sawan'),
(2141, 92, 'Nakhon Si Thammarat'),
(2143, 92, 'Narathiwat'),
(2144, 92, 'Nong Bua Lam Phu'),
(2145, 92, 'Nong Khai'),
(2146, 92, 'Nonthaburi'),
(2147, 92, 'Pathum Thani'),
(2148, 92, 'Pattani'),
(2149, 92, 'Phangnga'),
(2150, 92, 'Phatthalung'),
(2154, 92, 'Phichit'),
(2155, 92, 'Phitsanulok'),
(2156, 92, 'Phra Nakhon Si Ayutthaya'),
(2157, 92, 'Phrae'),
(2158, 92, 'Phuket'),
(2159, 92, 'Prachin Buri'),
(2160, 92, 'Prachuap Khiri Khan'),
(2162, 92, 'Ratchaburi'),
(2163, 92, 'Rayong'),
(2164, 92, 'Roi Et'),
(2165, 92, 'Sa Kaeo'),
(2166, 92, 'Sakon Nakhon'),
(2167, 92, 'Samut Prakan'),
(2168, 92, 'Samut Sakhon'),
(2169, 92, 'Samut Songkhran'),
(2170, 92, 'Saraburi'),
(2172, 92, 'Si Sa Ket'),
(2173, 92, 'Sing Buri'),
(2174, 92, 'Songkhla'),
(2175, 92, 'Sukhothai'),
(2176, 92, 'Suphan Buri'),
(2177, 92, 'Surat Thani'),
(2178, 92, 'Surin'),
(2180, 92, 'Trang'),
(2182, 92, 'Ubon Ratchathani'),
(2183, 92, 'Udon Thani'),
(2184, 92, 'Uthai Thani'),
(2185, 92, 'Uttaradit'),
(2186, 92, 'Yala'),
(2187, 92, 'Yasothon'),
(2188, 69, 'Busan'),
(2189, 69, 'Daegu'),
(2191, 69, 'Gangwon'),
(2192, 69, 'Gwangju'),
(2193, 69, 'Gyeonggi'),
(2194, 69, 'Gyeongsangbuk'),
(2195, 69, 'Gyeongsangnam'),
(2196, 69, 'Jeju'),
(2201, 25, 'Delhi');

-- --------------------------------------------------------

--
-- Estructura de tabla para la tabla `respuestas`
--

CREATE TABLE IF NOT EXISTS `respuestas` (
  `id` int(11) NOT NULL AUTO_INCREMENT,
  `consulta_id` int(11) DEFAULT NULL,
  `title` varchar(255) DEFAULT NULL,
  `respuesta` text NOT NULL,
  `tim` timestamp NOT NULL DEFAULT CURRENT_TIMESTAMP ON UPDATE CURRENT_TIMESTAMP,
  PRIMARY KEY (`id`),
  KEY `respuestas_ibfk_1` (`consulta_id`)
) ENGINE=InnoDB  DEFAULT CHARSET=utf8 AUTO_INCREMENT=10 ;

--
-- Volcado de datos para la tabla `respuestas`
--

INSERT INTO `respuestas` (`id`, `consulta_id`, `title`, `respuesta`, `tim`) VALUES
(1, 4, 'ok', 'Hola Jhonny Esteban Alvarez Villazante jhonnyes: dime en que te puedo ayudar\r\n    ', '2014-03-02 18:09:08'),
(2, 6, 'dffdsf', 'Hola javier roman:\r\n    sdfdsffsdf', '2014-03-03 16:42:23'),
(3, 9, '', 'Hola Maria Caceres Jimenez:\r\nGracias por su consulta.\r\n    ', '2014-03-20 13:01:43'),
(4, 7, '', 'Hola Maria Caceres Jimenez:\r\n    ok', '2014-03-21 12:43:56'),
(5, 10, 'respuesta', 'Hola Maria Caceres Jimenez:\r\nescribo respuesta\r\n    ', '2014-03-21 13:16:20'),
(6, 11, 'respuesta2', 'Hola Maria Caceres Jimenez:\r\nrespondo\r\n    ', '2014-03-21 13:16:41'),
(7, 12, 'Respuesta a pregunta', 'Hola Maria Caceres Jimenez:\r\nrecibido contacto sin compra.\r\n    ', '2014-03-24 15:13:32'),
(8, 14, 'hhhhh', 'Hola f f:\r\n    hhhhhhhhhhhhhhh', '2014-03-24 19:57:49'),
(9, 18, 'gfdgfdg', 'Hola javier roman:\r\n    dfgfdgdfgdsgasdgdsg', '2014-04-04 11:46:04');

-- --------------------------------------------------------

--
-- Estructura de tabla para la tabla `seo`
--

CREATE TABLE IF NOT EXISTS `seo` (
  `k` varchar(20) NOT NULL,
  `v` text,
  PRIMARY KEY (`k`)
) ENGINE=InnoDB DEFAULT CHARSET=latin1;

--
-- Volcado de datos para la tabla `seo`
--

INSERT INTO `seo` (`k`, `v`) VALUES
('seo', 'YTo2OntzOjk6InRpdHVsb19lcyI7czoxNjoiU3BhbmlzaFdob2xlc2FsZSI7czo5OiJ0aXR1bG9fZW4iO3M6MTY6IlNwYW5pc2hXaG9sZXNhbGUiO3M6NzoiZGVzY19lcyI7czoxNjoiU3BhbmlzaFdob2xlc2FsZSI7czo3OiJkZXNjX2VuIjtzOjE2OiJTcGFuaXNoV2hvbGVzYWxlIjtzOjExOiJrZXl3b3Jkc19lcyI7czoxNjoiU3BhbmlzaFdob2xlc2FsZSI7czoxMToia2V5d29yZHNfZW4iO3M6MTY6IlNwYW5pc2hXaG9sZXNhbGUiO30=');

-- --------------------------------------------------------

--
-- Estructura de tabla para la tabla `subtipos`
--

CREATE TABLE IF NOT EXISTS `subtipos` (
  `id` int(11) NOT NULL AUTO_INCREMENT,
  `title` varchar(255) DEFAULT NULL,
  `orden` int(11) DEFAULT NULL,
  `activo` int(1) DEFAULT NULL,
  PRIMARY KEY (`id`)
) ENGINE=InnoDB  DEFAULT CHARSET=utf8 AUTO_INCREMENT=10 ;

--
-- Volcado de datos para la tabla `subtipos`
--

INSERT INTO `subtipos` (`id`, `title`, `orden`, `activo`) VALUES
(1, 'Casual', 1, 1),
(7, 'Party/wedding', 2, 1),
(9, 'Summer', 3, 1);

-- --------------------------------------------------------

--
-- Estructura de tabla para la tabla `surtidos`
--

CREATE TABLE IF NOT EXISTS `surtidos` (
  `id` int(11) NOT NULL AUTO_INCREMENT,
  `calsado_id` int(11) NOT NULL,
  `talla_inf` int(11) NOT NULL,
  `talla_sup` int(11) NOT NULL,
  `descripcion` varchar(30) NOT NULL,
  `pares` int(11) NOT NULL,
  `precio_sur` double NOT NULL,
  `oferta` int(1) DEFAULT NULL,
  `precio_sur_oferta` double DEFAULT NULL,
  `tipo` varchar(20) NOT NULL,
  `categoria_id` int(11) DEFAULT NULL,
  `tipo_id` int(11) DEFAULT NULL,
  `subtipo_id` int(11) DEFAULT NULL,
  `tim` timestamp NOT NULL DEFAULT CURRENT_TIMESTAMP,
  PRIMARY KEY (`id`),
  KEY `surtidos_ibfk_1` (`calsado_id`)
) ENGINE=InnoDB  DEFAULT CHARSET=utf8 AUTO_INCREMENT=39 ;

--
-- Volcado de datos para la tabla `surtidos`
--

INSERT INTO `surtidos` (`id`, `calsado_id`, `talla_inf`, `talla_sup`, `descripcion`, `pares`, `precio_sur`, `oferta`, `precio_sur_oferta`, `tipo`, `categoria_id`, `tipo_id`, `subtipo_id`, `tim`) VALUES
(1, 1, 36, 41, '-', 4, 10, 0, NULL, 'surtido_libre', NULL, NULL, NULL, '0000-00-00 00:00:00'),
(2, 1, 36, 41, '1-1-1-1-1', 5, 10, 0, NULL, 'cajas_surtidas', NULL, NULL, NULL, '0000-00-00 00:00:00'),
(3, 2, 41, 45, '-', 2, 10, 0, NULL, 'surtido_libre', NULL, NULL, NULL, '0000-00-00 00:00:00'),
(4, 2, 41, 45, '2-2-2-2-2-2-2-2-2', 18, 10, 0, NULL, 'cajas_surtidas', NULL, NULL, NULL, '0000-00-00 00:00:00'),
(5, 3, 36, 41, '-', 100, 0, 0, NULL, 'surtido_libre', NULL, NULL, NULL, '0000-00-00 00:00:00'),
(6, 4, 36, 41, '1-2-4-4-2-1', 14, 5, 0, NULL, 'cajas_surtidas', NULL, NULL, NULL, '0000-00-00 00:00:00'),
(7, 6, 35, 38, '1-2-3-1', 7, 6, 0, NULL, 'cajas_surtidas', NULL, NULL, NULL, '0000-00-00 00:00:00'),
(8, 7, 36, 42, '1-2-3-4-1-1-1', 13, 3.5, 0, NULL, 'cajas_surtidas', NULL, NULL, NULL, '0000-00-00 00:00:00'),
(9, 8, 36, 41, '-', 3, 10, 0, NULL, 'surtido_libre', NULL, NULL, NULL, '0000-00-00 00:00:00'),
(10, 9, 36, 41, '1-2-4-4-2-1', 14, 7.99, 0, NULL, 'cajas_surtidas', NULL, NULL, NULL, '0000-00-00 00:00:00'),
(11, 10, 42, 48, '-', 5, 6.5, 0, NULL, 'surtido_libre', NULL, NULL, NULL, '0000-00-00 00:00:00'),
(12, 11, 37, 43, '1-1-1-1-1-1-1', 7, 2.45, 0, NULL, 'cajas_surtidas', NULL, NULL, NULL, '0000-00-00 00:00:00'),
(13, 12, 36, 41, '1-2-3-4-4-5', 19, 2.5, 0, NULL, 'cajas_surtidas', NULL, NULL, NULL, '0000-00-00 00:00:00'),
(14, 13, 23, 34, '2-3', 5, 45, 0, NULL, 'cajas_surtidas', NULL, NULL, NULL, '0000-00-00 00:00:00'),
(15, 14, 21, 33, '-', 12, 21, 0, NULL, 'surtido_libre', NULL, NULL, NULL, '0000-00-00 00:00:00'),
(16, 14, 21, 33, '-', 12, 21, 0, NULL, 'surtido_libre', NULL, NULL, NULL, '0000-00-00 00:00:00'),
(17, 15, 34, 45, '-', 21, 234, 0, NULL, 'surtido_libre', NULL, NULL, NULL, '0000-00-00 00:00:00'),
(18, 13, 21, 24, '1-1-1-1', 4, 1, 0, NULL, 'cajas_surtidas', NULL, NULL, NULL, '0000-00-00 00:00:00'),
(19, 18, 41, 45, '2-2-2-2-2-2', 10, 23, 0, NULL, 'cajas_surtidas', NULL, NULL, NULL, '0000-00-00 00:00:00'),
(20, 15, 41, 44, '2-3-4-5', 14, 21, 0, 1, 'cajas_surtidas', NULL, NULL, NULL, '0000-00-00 00:00:00'),
(21, 19, 22, 33, '-', 5, 11, 0, NULL, 'surtido_libre', NULL, NULL, NULL, '0000-00-00 00:00:00'),
(22, 20, 22, 33, '-', 4, 11, 0, NULL, 'surtido_libre', NULL, NULL, NULL, '0000-00-00 00:00:00'),
(23, 25, 30, 45, '-', 2, 15, 0, NULL, 'surtido_libre', 35, 26, 1, '2014-02-20 23:11:57'),
(24, 25, 30, 50, '1-2-3-4-5-6-7-8-9-9-8-7-6-5-4-', 99, 12, 0, NULL, 'cajas_surtidas', 35, 26, 1, '2014-02-20 23:12:54'),
(25, 27, 30, 35, '-', 2, 15, 0, NULL, 'surtido_libre', 35, 29, 7, '2014-02-21 12:53:26'),
(26, 27, 35, 23, '56-56-56-56-56-56', 336, 10, 0, NULL, 'cajas_surtidas', 35, 29, 7, '2014-02-21 12:53:41'),
(27, 30, 32, 43, '-', 2, 32, 0, NULL, 'surtido_libre', 36, 26, 1, '2014-02-25 20:08:57'),
(28, 31, 36, 41, '1-2-4-4-2-1', 14, 10.5, 0, NULL, 'cajas_surtidas', 35, 34, 1, '2014-03-21 13:21:19'),
(29, 31, 36, 41, '-', 6, 10.5, 0, NULL, 'surtido_libre', 35, 34, 1, '2014-03-21 13:22:27'),
(30, 32, 36, 41, '1-2-4-4-2-1', 14, 9.9, 0, NULL, 'cajas_surtidas', 35, 34, 1, '2014-03-21 13:25:05'),
(31, 33, 36, 41, '1-2-3-3-2-1', 12, 25, 0, NULL, 'cajas_surtidas', 35, 26, 1, '2014-03-22 08:55:25'),
(32, 34, 1, 1, '-', 1, 11, 0, NULL, 'surtido_libre', 35, 28, 1, '2014-03-22 10:12:16'),
(33, 35, 2, 3, '-', 1, 12, 0, NULL, 'surtido_libre', 35, 26, 7, '2014-03-22 10:35:10'),
(34, 36, 36, 41, '1-2-4-4-2-1', 14, 5.5, 0, NULL, 'cajas_surtidas', 35, 34, 1, '2014-03-24 13:50:58'),
(35, 36, 40, 46, '1-2-3-3-2-1', 12, 5.5, 0, NULL, 'cajas_surtidas', 35, 34, 9, '2014-03-24 13:51:43'),
(36, 37, 3, 8, '1-2-3-3-3-3', 15, 5, 0, NULL, 'cajas_surtidas', 35, 26, 1, '2014-03-27 11:56:05'),
(37, 37, 3, 8, '1-2-3-3-3-3', 15, 5, 0, NULL, 'cajas_surtidas', 36, 26, 1, '2014-03-27 11:56:32'),
(38, 37, 3, 8, '1-1-1-1-1-1', 6, 4, 0, NULL, 'cajas_surtidas', 41, 26, 1, '2014-03-27 11:58:10');

-- --------------------------------------------------------

--
-- Estructura de tabla para la tabla `tags`
--

CREATE TABLE IF NOT EXISTS `tags` (
  `id` int(11) NOT NULL AUTO_INCREMENT,
  `title` varchar(255) NOT NULL,
  `orden` int(11) DEFAULT NULL,
  `activo` int(1) DEFAULT NULL,
  PRIMARY KEY (`id`)
) ENGINE=InnoDB  DEFAULT CHARSET=utf8 AUTO_INCREMENT=10 ;

--
-- Volcado de datos para la tabla `tags`
--

INSERT INTO `tags` (`id`, `title`, `orden`, `activo`) VALUES
(8, 'Waterproof', 1, 1),
(9, 'Medical Footwear', 2, 1);

-- --------------------------------------------------------

--
-- Estructura de tabla para la tabla `tipos`
--

CREATE TABLE IF NOT EXISTS `tipos` (
  `id` int(11) NOT NULL AUTO_INCREMENT,
  `title` varchar(255) DEFAULT NULL,
  `orden` int(11) DEFAULT NULL,
  `activo` int(1) DEFAULT NULL,
  PRIMARY KEY (`id`)
) ENGINE=InnoDB  DEFAULT CHARSET=utf8 AUTO_INCREMENT=41 ;

--
-- Volcado de datos para la tabla `tipos`
--

INSERT INTO `tipos` (`id`, `title`, `orden`, `activo`) VALUES
(26, 'Shoes', 1, 1),
(28, 'Sandals', 2, 1),
(29, 'Boots', 4, 1),
(30, 'Slippers', 8, 1),
(33, 'Ankle Boots', 5, 1),
(34, 'Trainers & Plimsolls', 6, 1),
(38, 'Wellington Boots', 7, 1),
(40, 'Espadrilles', 3, 1);

-- --------------------------------------------------------

--
-- Estructura de tabla para la tabla `translates`
--

CREATE TABLE IF NOT EXISTS `translates` (
  `id` int(11) unsigned NOT NULL AUTO_INCREMENT,
  `esp` varchar(255) DEFAULT NULL,
  `eng` varchar(255) DEFAULT NULL,
  PRIMARY KEY (`id`)
) ENGINE=MyISAM  DEFAULT CHARSET=utf8 AUTO_INCREMENT=314 ;

--
-- Volcado de datos para la tabla `translates`
--

INSERT INTO `translates` (`id`, `esp`, `eng`) VALUES
(1, 'Volver', 'Go Back'),
(2, 'Disponible', '\r\nAvailable'),
(3, 'Hecho en', 'Made in'),
(4, 'Proveedor', 'Supplier'),
(5, 'Revisar el catalogo del proveedor', 'Suppliers'' Catalogue'),
(6, 'Contactar con el proveedor', 'Contact Supplier'),
(7, 'Persona de contacto', 'Contact'),
(8, 'Escribe tu consulta', 'Submit your enquery'),
(9, 'Enviar consulta', 'Send enquiry'),
(10, 'Direcci칩n', 'Address\r\n'),
(11, 'Tel칠fono', 'Phone'),
(12, 'Fax', 'Fax'),
(13, 'Material', 'Upper Material '),
(14, 'Categor&iacute;a', 'Category'),
(247, 'Item no', 'Item no'),
(16, 'Servicio', 'Service'),
(17, 'Inmediato', 'Immediate'),
(18, 'Portes', 'Delivery charges'),
(19, 'BULTOS Caja o 12 Pares/LI', '                                    PACKAGES:\r\n                                                                                  \r\n1 Carton=1 Pckge\r\n        \r\nIndividual Pairs=1 pckge approx 12 pairs (dep on style)'),
(20, 'Tabla aproximada de tallas', 'Footwear Size Guide'),
(21, 'Opciones del Producto - Surtidos', 'Product Options '),
(22, 'Surtido Libre', 'Individual pairs'),
(23, 'Tama&ntilde;os', 'Sizes'),
(24, 'Precio par', 'Price pair'),
(25, 'Total pares', 'Total pairs'),
(26, 'Precio total', 'Total price'),
(27, 'A침adir al carro', 'Add to basket'),
(28, 'Caja Surtida', 'Carton Breakdown'),
(29, 'Detalle', 'Size range'),
(30, 'Pares surtido', 'Carton Qty'),
(31, 'Precio Caja', 'Price per carton'),
(32, 'Cajas', 'Cartons Qty'),
(33, 'Playa', 'Beach'),
(34, 'Blanco', 'White'),
(35, 'Calzados', '\r\nFootwear'),
(36, 'Home', 'Home'),
(37, 'Quienes Somos', 'About Us'),
(38, 'T&eacute;rminos Legales', 'Terms and Conditions'),
(39, 'Contacto', 'Contact Us'),
(40, 'Mis pedidos', 'My orders'),
(41, 'pedidos', 'Orders'),
(42, 'Inicio', 'Home'),
(43, 'Se침ora', 'Women'),
(44, 'Alpargatas', 'Espadrilles'),
(45, 'Botas de agua', 'Wellington Boots'),
(46, 'Deportivas', 'Trainers'),
(47, 'bambas lona', 'Canvas/plimsolls'),
(48, 'Sandalias', 'Sandals'),
(49, 'Elegante', 'Smart/Party'),
(50, 'verano', 'Summer'),
(51, 'Zapatos', 'Shoes'),
(52, 'Casual', 'Casual '),
(53, 'Tacon Alto', 'High Heels'),
(54, 'Caballero', 'Men'),
(55, 'chanclas', 'Flip Flops'),
(56, 'Deportivo', 'Trainers'),
(57, 'Ni침o', 'Children'),
(58, 'Joven', 'Young?*'),
(59, 'Buscar', 'Search'),
(60, 'Su pedido fue a침adido al carro', 'Item successfully added to basket'),
(61, 'Ver pedidos cursados', 'Orders History'),
(62, 'Ver pedidos sin cursar', 'Basket'),
(63, 'Pedidos sin Cursar', 'Basket / Unsent Orders'),
(64, 'Pedido', 'Order'),
(65, 'Color', 'Colour'),
(66, 'Art&iacute;culo', 'Item ref'),
(67, 'Cantidad', 'Quantity\r\n'),
(68, 'Precio unitario', 'Unit price'),
(69, 'Subtotal', 'Subtotal '),
(70, 'Total', 'Total'),
(71, 'pares', 'Pairs'),
(72, 'Quitar', 'Remove'),
(73, 'Aumentar', 'Increase'),
(74, 'Borrar', 'Delete'),
(75, 'Detalle cantidad', 'Size Range '),
(76, 'Impuesto', 'Tax'),
(77, 'Direc. de Fact.', 'Billing Address'),
(78, 'Direc. de Entrega', 'Shipping address'),
(79, 'Forma de Pago', 'Payment method'),
(80, 'Tarjeta de Cr&eacute;dito', 'Credit card'),
(81, 'Transferencia Bancaria', 'Bank transfer'),
(82, 'SEGIR COMPRANDO', 'Continue Shopping'),
(83, 'PROCESAR MIS PEDIDOS', 'Place order'),
(84, 'Pedidos Cursados', 'Orders Placed'),
(85, '# Pedido', 'Order'),
(86, 'Total Pedido', 'Order Total '),
(87, 'Base imponible', 'Taxable'),
(88, 'Fecha Hora pedido', 'Date / Time'),
(89, 'Confirmado', 'Confirmed'),
(90, 'Esperando Mercancia', 'Awaiting Goods'),
(91, 'Enviado', 'Shipped'),
(92, 'Anulado', 'Cancelled'),
(93, 'Ver Detalle', 'View order info'),
(94, 'HE OLVIDADO MI CONTRASE칌A', 'Forgotten your Password?'),
(95, 'Entrar', 'Sign In'),
(96, 'Detalle del Pedido', 'Comments'),
(97, 'Enviar comentarios al Proveedor', 'Send comment to Supplier'),
(98, 'Enviar', 'Send'),
(99, 'Direcci&oacute;n de Facturaci&oacute;n:', 'Billing Address:'),
(100, 'Direcci&oacute;n de Env&iacute;o:', 'Shipping Address:'),
(101, 'Modelo', 'Style'),
(102, 'Precio', 'Price'),
(103, 'caja', 'Carton'),
(104, 'Descripci&oacute;n', 'Description'),
(105, 'Ref:', 'Ref:'),
(106, 'Color:', 'Colour:'),
(107, 'Especificaci&oacute;n:', 'Size Range:'),
(108, 'Tipo:', 'Type:'),
(109, 'Bultos:', 'Package:'),
(110, 'I.V.A ', 'V.A.T.'),
(111, 'Si', 'Yes'),
(112, 'RE', 'RE'),
(113, 'Suma Total', 'Total Price'),
(114, 'Gastos de contra reembolso 5% m&iacute;nimo 5 &euro;', 'contrareembolso aqui?'),
(115, 'TOTAL PEDIDOS', 'TOTAL ORDER'),
(116, 'Estado del Pedido', 'Order Status'),
(117, 'Confirmado:', 'Confirmed:'),
(118, 'Pagado:', 'Paid:'),
(119, 'Observaciones del proveedor', 'Supplier Comments'),
(120, 'Esperando entrada de la mercanc&iacute;a:', 'Awaiting Goods:'),
(121, 'Fecha de entrada y observaciones del proveedor', 'Supplier Comments'),
(122, 'Enviado:', 'Shipped:'),
(123, 'Empresa de Transporte:', 'Shipper:'),
(124, 'Fecha de Salida:', 'Shipping Date*:'),
(125, 'Anulado:', 'Cancelled:'),
(126, 'Causa de la anulaci&oacute;n:', 'Reason for Order Cancellation*:'),
(127, 'Productos hechos en:', 'Products Made in:'),
(128, 'Todos los paises', 'All countries'),
(129, 'Espa&ntilde;a', 'Spain'),
(130, 'Proveedores', 'Suppliers'),
(131, 'Rango de Precios', 'Price Range'),
(132, 'Precio por par:', 'Unit price:'),
(133, 'Ver mas', 'View more'),
(134, 'Mostrar', 'View'),
(135, 'Productos', 'Products'),
(136, 'P&aacute;gina', 'Page'),
(137, 'Foto', 'Picture'),
(138, '', ''),
(139, 'Marino', 'Navy'),
(140, 'Marca', 'Brand'),
(141, 'Rojo', 'Red'),
(142, 'morado oscuro', 'Deep Purple?*'),
(143, 'talla grande se?ora', 'Ladies large sizes***'),
(144, 'talla pequena', 'Small size'),
(145, 'Resistente al agua', 'Water resistant'),
(146, 'Rojo, blanco y negro', 'Red, black and white'),
(147, 'Negro', 'Black'),
(148, 'Login o Password incorrectos', 'Login or password incorrect'),
(149, 'Password incorrecto', 'Incorrect password***'),
(150, 'futbol', 'Football'),
(151, 'azul', 'Blue'),
(152, 'ni?os', 'Children'),
(153, 'calzado de seguridad', 'Safety Shoes'),
(154, 'rosado', 'Pink'),
(155, 'beige', 'Beige'),
(156, 'Marfil', 'Ivory'),
(157, 'Morado', 'Purple'),
(158, 'Burdeos', 'Burgundy'),
(159, 'matrimonio', 'Wedding**'),
(160, 'caza', 'Hunting'),
(161, 'black', 'Black'),
(162, 'white', 'White'),
(163, 'coral', 'Coral'),
(164, 'Debes registrarte para poder ver m&aacute;s informaci&oacute;n de un art&iacute;culo', 'Please login or register to view product info.'),
(165, 'Cliente', 'Customer'),
(166, 'Editar mis datos', 'Change account settings'),
(167, 'Cambiar mis password', 'Change my password'),
(168, 'Cambiar', 'Change'),
(169, 'Rellene el siguiente formulario y nos prondremos en contacto con usted', 'Please fill out the form below and we will get in contact with you as soon as possible, generally within 24 business hours.'),
(170, 'Nombre*', 'Name*'),
(171, 'Apellidos*', 'Surname*'),
(172, 'Tel&eacute;fono', 'Phone'),
(173, 'Comentarios', 'Comments'),
(174, 'He le&iacute;do las', 'Quitar esto*******'),
(175, 'condiciones', 'terms and conditions'),
(176, 'y acepto el env&iacute;o de mis datos', ''),
(177, 'Su consulta fue enviada', 'Your enquiry has been successfully sent. Thank you.'),
(178, 'Estado', 'Status'),
(179, 'SpanishWholesale - Pedido esperando', 'SpanishWholesale - Order awaiting confirmation??**'),
(180, 'SpanishWholesale - Pedido enviado', 'SpanishWholesale - Order Shipped????'),
(181, 'SpanishWholesale - Pedido anulado', 'SpanishWholesale - Order cancelled??**'),
(182, 'Productos Destacados', 'Featured Products'),
(183, 'Tallas', 'Sizes'),
(184, 'Tallas grandes', 'Large sizes'),
(185, 'Tallas peque침as', 'Small sizes'),
(186, 'Pieles', 'Material'),
(187, 'Tags', 'Tags'),
(188, 'Marcas Disponibles', 'Brands available'),
(189, 'No hay art&iacute;culos para esta categor&iacute;a', 'There are no products in this category.'),
(190, 'Forro', 'Lining'),
(191, 'Suela', 'Sole'),
(192, 'El minimo de pares para este surtido son ', 'The minimum purchase for this style is'),
(193, 'd칤as', 'Days'),
(194, 'par', 'Pair'),
(195, 'No se encontraron art', 'There are no products???***'),
(196, 'Registro de Cliente', 'New Client Registration'),
(197, 'Nombre de la Compa침ia*', 'Company Name*'),
(198, 'Apellido*', 'Surname*'),
(199, 'Confirme Password*', 'Confirm Password*'),
(200, 'Direcci&oacute;n 1*', 'Shipping Address line 1*'),
(201, 'Direcci&oacute;n 2', 'Shipping Address line 2'),
(202, 'Provincia', 'City'),
(203, 'Ciudad/Condado*', 'City/County*'),
(204, 'C&oacute;digo Postal*', 'Postcode*'),
(205, 'Pais*', 'Country*'),
(206, 'Tel&eacute;fono*', 'Phone*'),
(207, 'Impuestos*', 'Tax*'),
(208, 'Seleccione', 'Select'),
(209, 'Cif', 'CIF???**'),
(210, '*If you are VAT registered you must provide us with a valid VAT Number otherwise the respective VAT amount will be charged to the total invoice', '*If you are VAT registered you must provide us with a valid VAT Number otherwise the respective VAT amount will be charged to the total invoice.'),
(211, 'Direcci칩n de envio', 'Mailing Address?*'),
(212, 'La direcci칩n de facturaci칩n es la misma que la de envio', 'The Billing Address is the same as the Shipping Address.'),
(213, 'Direcci칩n de Facturaci칩n', 'Billing Address'),
(214, 'Suscribirse al bolet칤n', 'Subscribe to newsletter'),
(215, 'He le칤do y acepto la  <a class=''fancybox'' href=''#fancy''> declaraci칩n de privacidad</a>.', 'I have read and agreed to the'),
(216, 'Crear mi cuenta', 'Create my account'),
(217, 'Faltan datos en su pedido', 'Please enter quantity??**'),
(218, 'Accesorios', 'Accessories'),
(219, 'novedades', 'New Arrivals'),
(220, 'todos', 'All prices'),
(221, 'Camel', 'Camel '),
(222, 'varios', 'Several/few???***'),
(223, 'oro', 'Gold'),
(224, 'Debe estar registrado para acceder a la informaci칩n de los productos. Gracias.', 'You must be logged in to access the product information.'),
(225, 'Pedido realizado correctamente, en breve recibir치 la confirmaci칩n de su reserva. Gracias.춦', 'Order placed successfully. A confirmation email will be sent shortly.Thank you.'),
(226, 'PAGADOS en pedidos superiores a', 'Free shipping on orders above???***'),
(227, 'en pedidos inferiores', 'For orders below/less than???**'),
(228, 'por env&iacute;o', 'Per shipment/carton???**'),
(229, 'Tus Datos', 'Your Details'),
(230, 'Ciudad*', 'City*'),
(231, 'Condado/Provincia', 'County/Province'),
(232, 'Cambiar mis datos', 'Change account settings'),
(233, 'Tu password', 'Your password'),
(234, 'Te mandamos un email a tu correo con tu password.', 'We have sent a password reminder to your registered email address.***'),
(235, 'Olvidaste tu password?', 'Forgotten your password?'),
(236, 'Escribe tu correo y te enviaremos tu recordaremos tu password', 'Please enter your email and we will send you a password reminder to your registered email address.'),
(237, 'Botas', 'Boots'),
(238, 'Azul, rojo y blanco', 'Blue, red and white'),
(239, 'SEGUIR COMPRANDO', 'Continue shopping'),
(240, 'Reg칤strate', 'Register'),
(241, 'Acceder', 'Sign in'),
(242, 'Este articulo ha sido a침adido al pedido correctamente, cuando termine la compra vaya a Mis Pedidos para cursar su pedido. Gracias', 'Item successfully added. When you finish shopping, please go to My Orders to place your order/s.'),
(243, 'Esta seguro de eliminar el Pedido', 'Are you sure you want to delete this item from your basket?'),
(244, 'Pedido realizado correctamente, en breve recibir치 la confirmaci칩n de su reserva. Gracias.', 'Order placed successfully.A confirmation email will be sent shortly.Thank you.'),
(245, 'El mensaje debe contener al menos 10 caracteres', 'The message must be at least 10 characters long.'),
(15, 'Mi Cuenta', 'My account'),
(248, 'Proveedor:', 'Supplier:'),
(249, 'marron', 'Brown'),
(250, 'cuero', 'Leather'),
(251, 'PROCESAR ESTE PEDIDO', 'Proccess this Order'),
(252, 'ni침os', 'Children'),
(253, 'talla grande se침ora', 'Ladies large sizes**??'),
(254, 'IVA', 'VAT Registered'),
(255, 'IVA + RE', 'No VAT Registered'),
(256, 'El mensaje fue enviado', 'Message sent successfully.'),
(257, 'Hola', 'Hello'),
(258, 'Se guardaron los cambios correctamente', 'Changes successfully saved.**'),
(259, '칔ltimas incorporaciones', 'New Arrivals'),
(260, 'Botines', 'Ankle Boots'),
(261, 'Continuar', 'Continue'),
(262, 'Confirmar', 'Checking stock availability'),
(263, 'P.Ingreso', 'Awaiting payment'),
(264, 'Mercanc&iacute;a pendiente', 'Awaiting goods'),
(265, 'Revisando', 'Checking stock availability'),
(266, 'Terminado', 'Completed'),
(267, 'Buscar por:', 'Refine Search'),
(268, 'ref', 'ref'),
(269, 'Art칤culos', 'Products'),
(270, 'Art칤culo', 'Product'),
(271, 'Enhorabuena, tu correo fue verificado, el administrador te mandara un email cuando valide tus datos.', 'Thank you/Welcome! Your email address has been verified but your account isn''t active yet. The administrator will send you an email when your data is validate/ratify/verify.??***'),
(272, 'Womens', 'Womens'),
(273, 'Shoes', 'Shoes'),
(274, 'Mens', 'Mens'),
(275, 'taupe', 'Taupe'),
(276, 'La cuenta cliente se creo satisfactoriamente, te mandamos un email para validar tu cuenta de correo y que el administrador admita tu cuenta.', ' La cuenta cliente se creo satisfactoriamente, te mandamos un email para validar tu cuenta de correo y que el administrador admita tu cuenta. (ver como funciona y luego traducir correct).??***'),
(277, 'Email incorrecto.', 'Invalid email address.'),
(278, 'He le칤do y acepto la', 'I have read and accept'),
(301, 'Direcci&oacute;n de entrega', 'Shipping Address'),
(279, 'declaraci칩n de privacidad', 'our Terms & Conditions'),
(280, 'El pedido fue eliminado', 'Item successfully removed.'),
(281, 'Nombres*', 'Name*'),
(282, 'Manufacturers', 'Manufacturers'),
(283, 'Boots', 'Boots'),
(284, 'PRUEBA', 'Test???***'),
(285, 'Gris', 'Grey'),
(286, 'stock', 'Stock'),
(287, 'manufacture', 'Manufacture/Production??**'),
(288, 'x', ''),
(289, 'Party/wedding', 'Party/wedding'),
(290, 'Summer', 'Summer'),
(291, 'Slippers', 'Slippers'),
(292, 'Waterproof', 'Waterproof'),
(293, 'Medical Footwear', 'Medical Footwear'),
(294, 'Sandals', 'Sandals'),
(295, 'Trainers & Plimsolls', 'Trainers & Plimsolls'),
(296, 'Negro Charol', 'Black patent'),
(297, 'No se pudo guardar un nuevo usuario.', 'We could not save a new register???***'),
(298, 'verde', 'green'),
(299, 'Boys', 'Boys'),
(300, 'grey', NULL),
(302, 'Ciudad/Pueblo*', 'City/Town*'),
(303, 'IVA Registrado', 'VAT Registered'),
(304, 'IVA No Registrado', 'No VAT Registered'),
(305, 'Bultos', 'Packages'),
(306, 'Bulto', 'Package'),
(307, 'Todo', 'All'),
(308, 'electric blue', NULL),
(309, 'Consultas', 'Enquiry'),
(310, 'respuestas', 'Answer'),
(311, 'BLUE', NULL),
(312, 'BLUE2', NULL),
(313, 'Turquesa', NULL);

-- --------------------------------------------------------

--
-- Estructura de tabla para la tabla `userlogs`
--

CREATE TABLE IF NOT EXISTS `userlogs` (
  `id` int(11) unsigned NOT NULL AUTO_INCREMENT,
  `usuario_id` int(11) unsigned DEFAULT NULL,
  `operacion` varchar(45) DEFAULT NULL,
  `tim` timestamp NOT NULL DEFAULT CURRENT_TIMESTAMP,
  PRIMARY KEY (`id`)
) ENGINE=InnoDB  DEFAULT CHARSET=utf8 AUTO_INCREMENT=460 ;

--
-- Volcado de datos para la tabla `userlogs`
--

INSERT INTO `userlogs` (`id`, `usuario_id`, `operacion`, `tim`) VALUES
(1, 1, 'logout cliente', '2013-12-12 13:29:14'),
(2, 1, 'logout cliente', '2013-12-12 22:27:35'),
(4, 1, 'login proveedor', '2013-12-13 16:59:52'),
(7, 1, 'login proveedor', '2013-12-13 17:02:47'),
(8, 89, 'logueado', '2013-12-13 17:24:48'),
(10, 88, 'logueado', '2013-12-13 18:22:53'),
(11, 89, 'login proveedor', '2013-12-15 15:48:17'),
(12, 89, 'login proveedor', '2013-12-15 15:50:19'),
(15, 88, 'logout cliente', '2013-12-16 15:18:21'),
(16, 89, 'login proveedor', '2013-12-16 16:53:56'),
(17, 89, 'login proveedor', '2013-12-16 16:54:23'),
(20, 89, 'login proveedor', '2013-12-16 19:31:50'),
(23, 89, 'login proveedor', '2013-12-16 19:37:26'),
(25, 1, 'logout cliente', '2013-12-16 20:24:41'),
(26, 89, 'login proveedor', '2013-12-16 22:52:28'),
(27, 1, 'logout cliente', '2013-12-17 00:24:06'),
(28, 91, 'logueado', '2013-12-17 00:31:04'),
(29, 91, 'login cliente', '2013-12-17 00:44:50'),
(30, 91, 'login cliente', '2013-12-17 04:09:30'),
(31, 91, 'login cliente', '2013-12-17 04:48:43'),
(32, 89, 'login cliente', '2013-12-17 11:26:11'),
(38, 89, 'login proveedor', '2013-12-17 17:41:18'),
(41, 89, 'login proveedor', '2013-12-17 17:43:34'),
(44, 88, 'login cliente', '2013-12-17 18:12:45'),
(45, 94, 'login proveedor', '2013-12-17 18:13:06'),
(46, 94, 'login proveedor', '2013-12-17 18:13:07'),
(49, 88, 'login cliente', '2013-12-17 18:22:11'),
(51, 91, 'login cliente', '2013-12-17 18:32:55'),
(53, 88, 'login cliente', '2013-12-17 21:45:02'),
(56, 91, 'login cliente', '2013-12-18 02:09:42'),
(59, 94, 'login proveedor', '2013-12-18 21:30:29'),
(62, 89, 'login proveedor', '2013-12-21 00:47:46'),
(63, 88, 'login cliente', '2014-01-08 14:16:16'),
(71, 88, 'login cliente', '2014-01-10 14:36:34'),
(80, 1, 'login proveedor', '2014-01-13 16:49:53'),
(82, 89, 'login proveedor', '2014-01-13 16:50:34'),
(83, 89, 'login proveedor', '2014-01-13 16:51:12'),
(84, 89, 'login proveedor', '2014-01-13 16:57:50'),
(87, 95, 'logueado', '2014-01-13 17:14:49'),
(90, 95, 'login proveedor', '2014-01-13 17:24:38'),
(91, 89, 'login proveedor', '2014-01-13 17:27:48'),
(92, 89, 'login proveedor', '2014-01-13 17:28:51'),
(95, 89, 'login proveedor', '2014-01-13 17:40:57'),
(96, 89, 'login proveedor', '2014-01-13 17:42:45'),
(97, 88, 'login cliente', '2014-01-13 17:51:48'),
(99, 93, 'logueado', '2014-01-13 18:04:04'),
(102, 93, 'login proveedor', '2014-01-13 18:15:05'),
(105, 93, 'login proveedor', '2014-01-13 18:17:29'),
(108, 93, 'login proveedor', '2014-01-13 18:19:10'),
(109, 95, 'login proveedor', '2014-01-13 18:20:22'),
(110, 95, 'login proveedor', '2014-01-13 18:46:28'),
(117, 95, 'login proveedor', '2014-01-13 19:14:33'),
(120, 95, 'login proveedor', '2014-01-13 19:20:22'),
(123, 95, 'login proveedor', '2014-01-13 19:26:27'),
(126, 95, 'login proveedor', '2014-01-13 19:28:02'),
(129, 88, 'login cliente', '2014-01-13 22:49:15'),
(134, 95, 'login proveedor', '2014-01-14 01:19:22'),
(139, 95, 'login proveedor', '2014-01-14 01:59:16'),
(142, 93, 'login proveedor', '2014-01-15 16:26:06'),
(143, 95, 'login proveedor', '2014-01-15 16:37:00'),
(144, 1, 'login proveedor', '2014-01-15 16:55:38'),
(145, 89, 'login proveedor', '2014-01-15 16:56:01'),
(146, 93, 'login proveedor', '2014-01-15 16:56:36'),
(147, 89, 'login proveedor', '2014-01-15 17:09:21'),
(148, 1, 'logout cliente', '2014-01-15 17:17:40'),
(150, 90, 'logueado', '2014-01-15 17:18:29'),
(153, 93, 'login cliente', '2014-01-28 21:21:23'),
(154, 93, 'login cliente', '2014-01-29 14:37:00'),
(155, 93, 'logout cliente', '2014-01-29 14:47:00'),
(156, 91, 'login cliente', '2014-01-29 20:08:23'),
(157, 88, 'login cliente', '2014-01-31 15:43:37'),
(158, 88, 'login cliente', '2014-02-04 22:07:51'),
(159, 93, 'login cliente', '2014-02-05 15:16:52'),
(160, 93, 'login cliente', '2014-02-05 15:22:12'),
(161, 93, 'login cliente', '2014-02-05 15:23:04'),
(162, 93, 'logout cliente', '2014-02-05 15:23:42'),
(163, 88, 'login cliente', '2014-02-05 16:24:48'),
(164, 93, 'login cliente', '2014-02-05 16:49:56'),
(165, 93, 'logout cliente', '2014-02-05 17:48:09'),
(166, 93, 'login cliente', '2014-02-05 20:44:26'),
(167, 93, 'logout cliente', '2014-02-05 20:45:03'),
(168, 93, 'login proveedor', '2014-02-05 21:46:04'),
(169, 89, 'login proveedor', '2014-02-05 21:48:28'),
(170, 93, 'login cliente', '2014-02-06 15:48:23'),
(171, 93, 'logout cliente', '2014-02-06 15:48:37'),
(172, 1, 'logout cliente', '2014-02-06 18:04:07'),
(173, 1, 'logout cliente', '2014-02-06 18:18:30'),
(174, 93, 'login cliente', '2014-02-06 18:58:24'),
(175, 93, 'logout cliente', '2014-02-06 18:58:40'),
(176, 93, 'login cliente', '2014-02-06 18:59:00'),
(181, 89, 'login cliente', '2014-02-06 19:13:09'),
(182, 93, 'login cliente', '2014-02-06 19:32:37'),
(183, 95, 'login proveedor', '2014-02-06 21:45:01'),
(185, 99, 'logout cliente', '2014-02-07 16:55:22'),
(191, 92, 'logout cliente', '2014-02-10 17:07:05'),
(192, 95, 'login proveedor', '2014-02-10 19:26:04'),
(193, 89, 'login proveedor', '2014-02-10 22:55:29'),
(194, 89, 'login proveedor', '2014-02-10 22:59:20'),
(195, 92, 'login cliente', '2014-02-11 16:01:06'),
(196, 92, 'logout cliente', '2014-02-11 16:05:14'),
(197, 92, 'login cliente', '2014-02-11 16:24:48'),
(198, 92, 'logout cliente', '2014-02-11 16:41:28'),
(199, 92, 'login cliente', '2014-02-11 16:46:07'),
(200, 92, 'logout cliente', '2014-02-11 16:47:56'),
(201, 92, 'login cliente', '2014-02-11 17:16:28'),
(202, 92, 'logout cliente', '2014-02-11 18:55:23'),
(203, 92, 'login cliente', '2014-02-11 18:58:42'),
(204, 89, 'login proveedor', '2014-02-13 14:41:57'),
(205, 89, 'logout cliente', '2014-02-13 14:46:16'),
(207, 89, 'login proveedor', '2014-02-13 14:51:47'),
(208, 89, 'login proveedor', '2014-02-13 14:54:21'),
(209, 1, 'logout cliente', '2014-02-13 14:56:56'),
(210, 98, 'logueado', '2014-02-13 14:57:06'),
(211, 92, 'login cliente', '2014-02-13 14:57:24'),
(212, 98, 'logout cliente', '2014-02-13 14:59:01'),
(213, NULL, 'logout cliente', '2014-02-13 15:20:42'),
(214, 92, 'login cliente', '2014-02-13 15:28:43'),
(215, 92, 'logout cliente', '2014-02-13 15:29:15'),
(216, 91, 'login cliente', '2014-02-13 21:09:24'),
(217, 89, 'login proveedor', '2014-02-13 21:14:37'),
(218, 89, 'login proveedor', '2014-02-13 21:18:35'),
(219, 89, 'login proveedor', '2014-02-13 21:26:06'),
(220, 92, 'login cliente', '2014-02-14 15:58:43'),
(221, 92, 'logout cliente', '2014-02-14 16:01:14'),
(222, 95, 'login proveedor', '2014-02-14 16:01:36'),
(223, 92, 'login cliente', '2014-02-14 16:07:18'),
(224, 92, 'logout cliente', '2014-02-14 16:18:44'),
(225, 92, 'login cliente', '2014-02-14 16:33:00'),
(226, 92, 'logout cliente', '2014-02-14 16:33:25'),
(227, 92, 'login cliente', '2014-02-14 16:36:07'),
(228, 92, 'logout cliente', '2014-02-14 16:37:11'),
(229, 92, 'login cliente', '2014-02-14 16:40:06'),
(230, 92, 'logout cliente', '2014-02-14 16:40:52'),
(231, 92, 'login cliente', '2014-02-14 17:49:38'),
(232, 92, 'logout cliente', '2014-02-14 17:50:03'),
(233, 92, 'login cliente', '2014-02-14 17:53:01'),
(234, 92, 'logout cliente', '2014-02-14 17:54:26'),
(235, 89, 'login proveedor', '2014-02-14 21:14:39'),
(236, 89, 'login proveedor', '2014-02-14 21:15:42'),
(237, 98, 'login cliente', '2014-02-15 00:13:02'),
(238, 89, 'login proveedor', '2014-02-16 14:58:09'),
(239, 98, 'login cliente', '2014-02-17 16:31:26'),
(240, 91, 'login cliente', '2014-02-18 01:29:25'),
(241, 91, 'login cliente', '2014-02-18 03:08:07'),
(242, 91, 'logout cliente', '2014-02-18 19:21:36'),
(243, NULL, 'logout cliente', '2014-02-18 19:21:39'),
(246, 91, 'login cliente', '2014-02-18 19:28:41'),
(247, 91, 'login cliente', '2014-02-18 21:31:01'),
(248, 89, 'login proveedor', '2014-02-18 21:33:46'),
(249, 91, 'login cliente', '2014-02-18 21:34:58'),
(250, 89, 'login proveedor', '2014-02-18 22:05:19'),
(253, 90, 'login cliente', '2014-02-18 23:01:12'),
(254, 92, 'login cliente', '2014-02-19 11:26:46'),
(255, 92, 'logout cliente', '2014-02-19 11:37:04'),
(256, 95, 'login proveedor', '2014-02-19 11:38:08'),
(257, 95, 'login proveedor', '2014-02-19 11:39:07'),
(258, 89, 'login proveedor', '2014-02-19 20:14:18'),
(259, 89, 'login proveedor', '2014-02-19 20:18:13'),
(262, 103, 'logueado', '2014-02-20 23:08:45'),
(263, 103, 'login cliente', '2014-02-21 11:16:04'),
(265, 103, 'login cliente', '2014-02-21 11:18:40'),
(266, 103, 'login cliente', '2014-02-21 11:19:02'),
(268, 103, 'login cliente', '2014-02-21 11:27:38'),
(269, 102, 'logueado', '2014-02-21 11:58:42'),
(270, 102, 'logout cliente', '2014-02-21 12:05:58'),
(271, 103, 'login cliente', '2014-02-21 12:06:19'),
(272, 102, 'logout cliente', '2014-02-21 12:19:50'),
(273, 89, 'login cliente', '2014-02-21 12:41:05'),
(274, 102, 'login cliente', '2014-02-21 12:54:05'),
(275, 103, 'login cliente', '2014-02-21 13:18:57'),
(276, 102, 'logout cliente', '2014-02-21 13:30:09'),
(277, 102, 'login cliente', '2014-02-21 13:32:21'),
(278, 95, 'login proveedor', '2014-02-21 17:07:34'),
(279, 95, 'login proveedor', '2014-02-21 17:07:44'),
(280, 95, 'login proveedor', '2014-02-21 17:07:54'),
(281, 95, 'login proveedor', '2014-02-21 17:08:03'),
(282, 95, 'login proveedor', '2014-02-21 17:08:13'),
(283, 1, 'login proveedor', '2014-02-21 17:22:32'),
(284, 95, 'login proveedor', '2014-02-21 17:28:31'),
(285, 1, 'login proveedor', '2014-02-21 17:33:08'),
(286, 92, 'login proveedor', '2014-02-21 17:33:27'),
(287, 95, 'login proveedor', '2014-02-21 17:33:46'),
(288, 95, 'login proveedor', '2014-02-21 17:40:29'),
(289, 95, 'logout cliente', '2014-02-21 17:54:08'),
(290, 89, 'login proveedor', '2014-02-22 01:14:31'),
(291, 1, 'login proveedor', '2014-02-22 01:16:04'),
(292, 89, 'login proveedor', '2014-02-22 01:16:12'),
(293, 89, 'login proveedor', '2014-02-24 22:46:40'),
(294, 89, 'login proveedor', '2014-02-25 19:41:11'),
(295, 91, 'login cliente', '2014-02-25 20:06:30'),
(296, 104, 'login proveedor', '2014-02-25 20:07:19'),
(297, 91, 'login cliente', '2014-02-25 20:12:31'),
(298, 91, 'login cliente', '2014-02-25 20:19:37'),
(299, 98, 'login cliente', '2014-02-28 11:43:55'),
(301, 97, 'login cliente', '2014-03-01 22:21:05'),
(302, 89, 'login proveedor', '2014-03-01 22:36:38'),
(303, 97, 'login cliente', '2014-03-01 22:41:24'),
(304, 97, 'login cliente', '2014-03-02 14:03:54'),
(305, 103, 'login proveedor', '2014-03-02 18:01:20'),
(306, 97, 'logout cliente', '2014-03-02 18:27:28'),
(307, 103, 'login proveedor', '2014-03-02 18:28:06'),
(308, 102, 'login proveedor', '2014-03-03 16:18:59'),
(309, 1, 'login proveedor', '2014-03-03 16:19:10'),
(310, 103, 'login proveedor', '2014-03-03 16:20:35'),
(311, 102, 'login cliente', '2014-03-03 16:24:06'),
(312, 103, 'login proveedor', '2014-03-03 16:25:33'),
(313, 102, 'login cliente', '2014-03-03 16:35:39'),
(314, 103, 'login cliente', '2014-03-03 16:42:02'),
(315, 102, 'login cliente', '2014-03-03 16:55:05'),
(316, 95, 'login cliente', '2014-03-03 16:59:03'),
(317, 102, 'login cliente', '2014-03-05 09:32:42'),
(318, 102, 'login cliente', '2014-03-05 13:24:05'),
(319, 102, 'login cliente', '2014-03-05 13:24:06'),
(320, 91, 'login cliente', '2014-03-05 19:28:28'),
(321, 97, 'login cliente', '2014-03-06 16:53:44'),
(322, 91, 'login cliente', '2014-03-06 20:33:17'),
(323, 97, 'login cliente', '2014-03-06 20:36:27'),
(324, 102, 'login cliente', '2014-03-07 12:13:30'),
(325, 92, 'login cliente', '2014-03-10 11:52:23'),
(326, 92, 'logout cliente', '2014-03-10 15:10:53'),
(327, 1, 'login proveedor', '2014-03-13 10:27:45'),
(328, 95, 'login proveedor', '2014-03-13 10:37:09'),
(329, 98, 'login cliente', '2014-03-14 10:56:03'),
(330, 93, 'login cliente', '2014-03-14 14:52:01'),
(331, 92, 'login cliente', '2014-03-14 14:52:49'),
(332, 92, 'logout cliente', '2014-03-14 18:27:05'),
(333, 98, 'login cliente', '2014-03-18 09:26:25'),
(334, 92, 'login cliente', '2014-03-18 12:46:49'),
(335, 92, 'logout cliente', '2014-03-18 12:55:59'),
(336, 92, 'login cliente', '2014-03-18 12:59:13'),
(337, 92, 'logout cliente', '2014-03-18 13:01:00'),
(338, 92, 'login cliente', '2014-03-18 13:18:44'),
(339, 92, 'logout cliente', '2014-03-18 13:49:55'),
(340, 93, 'login proveedor', '2014-03-18 13:50:31'),
(341, 92, 'login cliente', '2014-03-19 11:04:05'),
(342, 92, 'logout cliente', '2014-03-19 11:33:24'),
(343, 92, 'login cliente', '2014-03-19 11:48:54'),
(344, 89, 'login proveedor', '2014-03-19 11:53:58'),
(345, 92, 'logout cliente', '2014-03-19 11:58:14'),
(346, 92, 'login cliente', '2014-03-19 12:04:31'),
(347, 93, 'login proveedor', '2014-03-19 12:23:32'),
(348, 89, 'login proveedor', '2014-03-19 12:24:19'),
(349, 89, 'login proveedor', '2014-03-20 09:27:18'),
(350, 93, 'login proveedor', '2014-03-20 11:37:18'),
(351, 89, 'login proveedor', '2014-03-20 11:43:20'),
(352, 92, 'login cliente', '2014-03-20 12:04:17'),
(353, 92, 'logout cliente', '2014-03-20 12:15:56'),
(354, 93, 'login proveedor', '2014-03-20 12:16:19'),
(355, 92, 'login cliente', '2014-03-20 12:17:10'),
(356, 92, 'logout cliente', '2014-03-20 12:19:48'),
(357, 93, 'login proveedor', '2014-03-20 12:20:12'),
(358, 92, 'login cliente', '2014-03-20 13:02:35'),
(359, 92, 'logout cliente', '2014-03-20 13:08:35'),
(360, 93, 'login proveedor', '2014-03-20 13:20:17'),
(361, 92, 'login cliente', '2014-03-20 13:21:17'),
(362, 92, 'logout cliente', '2014-03-20 13:29:11'),
(363, 93, 'login proveedor', '2014-03-20 13:29:39'),
(364, 93, 'login proveedor', '2014-03-20 13:33:36'),
(365, 93, 'login proveedor', '2014-03-20 13:54:42'),
(366, 93, 'login proveedor', '2014-03-20 15:05:01'),
(367, 92, 'login cliente', '2014-03-20 15:06:25'),
(368, 92, 'logout cliente', '2014-03-20 15:12:56'),
(369, 92, 'login cliente', '2014-03-20 15:24:37'),
(370, 92, 'logout cliente', '2014-03-20 15:24:47'),
(371, 98, 'login cliente', '2014-03-21 11:39:24'),
(372, 95, 'login proveedor', '2014-03-21 12:38:45'),
(373, 93, 'login proveedor', '2014-03-21 12:41:52'),
(374, 92, 'login cliente', '2014-03-21 13:25:59'),
(375, 92, 'logout cliente', '2014-03-21 13:26:17'),
(376, 89, 'login proveedor', '2014-03-22 08:47:38'),
(377, 98, 'login cliente', '2014-03-22 08:56:13'),
(378, 1, 'login proveedor', '2014-03-22 10:09:07'),
(379, 89, 'login proveedor', '2014-03-22 10:09:58'),
(380, 89, 'login proveedor', '2014-03-22 10:12:54'),
(381, 98, 'login cliente', '2014-03-22 10:13:31'),
(382, 98, 'login proveedor', '2014-03-22 10:31:06'),
(383, 89, 'login proveedor', '2014-03-22 10:31:23'),
(384, 98, 'login proveedor', '2014-03-22 10:36:09'),
(385, 89, 'login proveedor', '2014-03-22 10:36:39'),
(386, 98, 'login cliente', '2014-03-22 10:37:02'),
(387, 92, 'login cliente', '2014-03-24 11:47:04'),
(388, 92, 'logout cliente', '2014-03-24 12:25:14'),
(389, 93, 'login proveedor', '2014-03-24 12:25:37'),
(390, 92, 'login cliente', '2014-03-24 12:45:35'),
(391, 92, 'logout cliente', '2014-03-24 12:46:59'),
(392, 93, 'login proveedor', '2014-03-24 14:30:04'),
(393, 92, 'login cliente', '2014-03-24 15:03:30'),
(394, 92, 'logout cliente', '2014-03-24 15:11:28'),
(395, 93, 'login proveedor', '2014-03-24 15:11:54'),
(396, 98, 'login cliente', '2014-03-24 19:28:42'),
(397, 98, 'login proveedor', '2014-03-24 19:55:28'),
(398, 89, 'login proveedor', '2014-03-24 19:55:59'),
(399, 98, 'login cliente', '2014-03-25 11:10:22'),
(400, 98, 'login proveedor', '2014-03-25 11:11:22'),
(401, 98, 'login proveedor', '2014-03-25 11:11:48'),
(402, 98, 'login cliente', '2014-03-25 11:13:04'),
(403, 98, 'logout cliente', '2014-03-25 11:24:51'),
(404, 92, 'login cliente', '2014-03-25 11:25:25'),
(405, 92, 'logout cliente', '2014-03-25 11:49:08'),
(406, 92, 'login cliente', '2014-03-25 11:56:00'),
(407, 92, 'logout cliente', '2014-03-25 12:40:02'),
(408, NULL, 'logout cliente', '2014-03-25 12:40:08'),
(409, 92, 'login cliente', '2014-03-25 12:40:38'),
(410, 92, 'logout cliente', '2014-03-25 14:46:57'),
(411, 92, 'login cliente', '2014-03-26 11:35:26'),
(412, 89, 'login proveedor', '2014-03-26 11:45:26'),
(413, 92, 'logout cliente', '2014-03-26 12:20:36'),
(414, 93, 'login proveedor', '2014-03-26 12:21:11'),
(415, 92, 'login cliente', '2014-03-26 12:52:25'),
(416, 92, 'logout cliente', '2014-03-26 13:14:04'),
(417, 92, 'login cliente', '2014-03-26 13:14:21'),
(418, 92, 'logout cliente', '2014-03-26 13:14:48'),
(419, 93, 'login proveedor', '2014-03-26 13:15:06'),
(420, 95, 'login proveedor', '2014-03-26 13:18:14'),
(421, 98, 'login cliente', '2014-03-26 13:19:52'),
(422, 92, 'login cliente', '2014-03-26 13:21:47'),
(423, 92, 'logout cliente', '2014-03-26 16:20:28'),
(424, NULL, 'logout cliente', '2014-03-26 16:20:28'),
(425, 93, 'login proveedor', '2014-03-27 11:26:07'),
(426, 92, 'login cliente', '2014-03-27 11:59:46'),
(427, 92, 'login cliente', '2014-03-27 12:00:37'),
(428, 92, 'logout cliente', '2014-03-27 12:04:07'),
(429, 98, 'login cliente', '2014-03-27 12:11:27'),
(430, 92, 'login cliente', '2014-03-27 12:12:37'),
(431, 92, 'logout cliente', '2014-03-27 12:13:01'),
(432, 103, 'login proveedor', '2014-04-01 18:49:45'),
(433, 102, 'login cliente', '2014-04-01 18:53:57'),
(434, 92, 'login cliente', '2014-04-02 11:17:01'),
(435, 92, 'logout cliente', '2014-04-02 11:17:21'),
(436, 1, 'login proveedor', '2014-04-02 14:04:06'),
(437, 1, 'login proveedor', '2014-04-02 14:04:31'),
(438, 1, 'login proveedor', '2014-04-02 16:43:56'),
(439, 103, 'login cliente', '2014-04-02 16:44:39'),
(440, 102, 'login cliente', '2014-04-02 16:50:36'),
(441, 1, 'login proveedor', '2014-04-02 22:27:17'),
(442, 103, 'login proveedor', '2014-04-03 11:50:41'),
(443, 102, 'login cliente', '2014-04-03 13:14:21'),
(444, 103, 'login proveedor', '2014-04-03 13:28:38'),
(445, 1, 'login proveedor', '2014-04-04 11:28:47'),
(446, 103, 'login proveedor', '2014-04-04 11:29:17'),
(447, 102, 'login cliente', '2014-04-04 11:39:09'),
(448, 102, 'logout cliente', '2014-04-04 11:40:31'),
(449, 102, 'login cliente', '2014-04-04 11:42:27'),
(450, 103, 'login proveedor', '2014-04-04 11:45:39'),
(451, 102, 'login cliente', '2014-04-04 11:46:35'),
(452, 1, 'login proveedor', '2014-04-04 11:52:14'),
(453, 102, 'login cliente', '2014-04-04 12:10:15'),
(454, 97, 'login cliente', '2014-04-16 18:01:31'),
(455, 97, 'logout cliente', '2014-04-16 18:02:07'),
(456, 97, 'login cliente', '2014-04-16 18:08:38'),
(457, 97, 'logout cliente', '2014-04-16 18:08:44'),
(458, 106, 'logueado', '2014-04-21 16:59:11'),
(459, 106, 'login proveedor', '2014-04-22 10:31:14');

-- --------------------------------------------------------

--
-- Estructura de tabla para la tabla `usuarios`
--

CREATE TABLE IF NOT EXISTS `usuarios` (
  `id` int(11) NOT NULL AUTO_INCREMENT,
  `regione_id` int(11) DEFAULT NULL,
  `rol` varchar(10) NOT NULL,
  `title` varchar(255) NOT NULL,
  `tipo_de_negocio` varchar(255) DEFAULT NULL,
  `persona_contacto` varchar(255) DEFAULT NULL,
  `email` varchar(50) DEFAULT NULL,
  `password` varchar(255) DEFAULT NULL,
  `cif` varchar(255) DEFAULT NULL,
  `direccion` varchar(255) DEFAULT NULL,
  `codigo_postal` varchar(25) DEFAULT NULL,
  `iva` int(11) DEFAULT NULL,
  `re` int(11) DEFAULT NULL,
  `impuestos` int(1) DEFAULT NULL,
  `fax` varchar(50) DEFAULT NULL,
  `telefonos` varchar(50) DEFAULT NULL,
  `tim` timestamp NOT NULL DEFAULT CURRENT_TIMESTAMP,
  `fecha_alta` date DEFAULT NULL,
  `estado` varchar(1) DEFAULT NULL,
  `ip` varchar(15) DEFAULT NULL,
  `comentarios` text,
  `activecode` varchar(100) DEFAULT NULL,
  `mail_check` int(1) DEFAULT NULL,
  `comision` int(3) DEFAULT NULL,
  `portes` varchar(20) DEFAULT NULL,
  `serializado` text,
  `portes_txt` text,
  `img` varchar(255) DEFAULT NULL,
  `company` varchar(255) DEFAULT NULL,
  `name` varchar(200) DEFAULT NULL,
  `surname` varchar(200) DEFAULT NULL,
  `city` varchar(200) DEFAULT NULL,
  `countyprovince` varchar(200) DEFAULT NULL,
  `newsletter` int(1) DEFAULT NULL,
  `country` varchar(200) DEFAULT NULL,
  `dfac` varchar(200) DEFAULT NULL,
  `denv` varchar(200) DEFAULT NULL,
  `contra` varchar(200) DEFAULT NULL,
  `direccion2` varchar(255) DEFAULT NULL,
  `nit` varchar(255) DEFAULT NULL COMMENT 'numero de nit(VAT registered)',
  `lang` varchar(20) DEFAULT NULL,
  PRIMARY KEY (`id`),
  KEY `usuarios_ibfk_1` (`regione_id`)
) ENGINE=InnoDB  DEFAULT CHARSET=utf8 AUTO_INCREMENT=107 ;

--
-- Volcado de datos para la tabla `usuarios`
--

INSERT INTO `usuarios` (`id`, `regione_id`, `rol`, `title`, `tipo_de_negocio`, `persona_contacto`, `email`, `password`, `cif`, `direccion`, `codigo_postal`, `iva`, `re`, `impuestos`, `fax`, `telefonos`, `tim`, `fecha_alta`, `estado`, `ip`, `comentarios`, `activecode`, `mail_check`, `comision`, `portes`, `serializado`, `portes_txt`, `img`, `company`, `name`, `surname`, `city`, `countyprovince`, `newsletter`, `country`, `dfac`, `denv`, `contra`, `direccion2`, `nit`, `lang`) VALUES
(1, 1, 'admin', 'admin', 'admin', 'admin', 'admin', '4745aaab0166f041a0405b8308487c270c315703', '0000', '0000', '0000', 0, 0, NULL, '0000', '0000', '2014-04-21 17:09:40', '2014-04-16', '1', '127.0.0.1', NULL, NULL, NULL, 1, '10.00', NULL, NULL, NULL, NULL, NULL, NULL, NULL, NULL, NULL, NULL, NULL, NULL, '2d5846FTR54G875211eda', NULL, ' ', NULL),
(87, 650, 'transporte', 'Interlink', 'transp', 'maria', 'mariadocj@yahoo.com', '461b0b593058c2e224144455e9a438fa57d31888', '', '', '', 0, 0, NULL, '', '00000', '2034-01-01 00:00:00', '2014-04-16', '1', '217.44.122.211', NULL, NULL, NULL, NULL, NULL, NULL, NULL, NULL, NULL, NULL, NULL, NULL, NULL, NULL, '28', NULL, NULL, 'no definido, cambiar pass desde el admin', NULL, NULL, NULL),
(89, 633, 'proveedor', 'JENKER (FACTORY)', 'MANUFACTURER', 'FERNANDO', 'fernando@spanishwholesale.com', '461b0b593058c2e224144455e9a438fa57d31888', '22222222X', 'CALLE 1, 2 3췈', '28280', 0, 0, 1, '2222222222', '2222222222', '2034-01-01 00:00:00', '2014-04-16', '1', '77.230.54.199', 'KIOWAS', NULL, NULL, 10, 'bultos', 'YTo0OntzOjc6Im5jdWVudGEiO3M6MjY6IkJBTkNPIDIyMzM0NDU1NjY3Nzg4OTkwMDExIjtzOjY6ImNzd2lmdCI7czo2OiJCQU5DT0IiO3M6NDoiSWJhbiI7czo2OiJCQU5DT0EiO3M6NToiYmFuY28iO3M6NzoiQ0FMTEUgQSI7fQ==', 'a:3:{i:1;s:2:"10";i:2;s:2:"18";i:3;s:2:"25";}', '52aaf638902fe382211890001.jpg', NULL, NULL, NULL, NULL, NULL, NULL, '28', NULL, NULL, 'sw.com', NULL, NULL, NULL),
(92, 1, 'cliente', 'Maria Caceres Jimenez', 'cliente', 'cliente', 'mariadocj@yahoo.co.uk', '461b0b593058c2e224144455e9a438fa57d31888', '', 'The Shamba', 'SP5 2AJ', 0, 0, 1, '', '+447500956805', '2034-01-01 00:00:00', '2014-04-16', '1', '86.172.70.73', '', 'confirm52aef68dad393592061546', 1, NULL, NULL, NULL, NULL, NULL, 'Mawco', 'Maria', 'Caceres Jimenez', 'Wiltshire', '', 1, 'UK', 'C/ Jose de', 'C/ Mariano', '123456', 'Lyndhurst Rd,Landford', NULL, NULL),
(93, 854, 'proveedor', 'Mawco', 'Tienda', 'Maria', 'info@mawco.co.uk', '461b0b593058c2e224144455e9a438fa57d31888', '343454545', 'London rd', 'sp3434', 0, 0, 1, '4545454545', '243434343', '2034-01-01 00:00:00', '2014-04-16', '1', '86.172.68.60', '', NULL, NULL, 10, 'bultos', 'YTo0OntzOjc6Im5jdWVudGEiO3M6OToiQUIyMzQzNDM0IjtzOjY6ImNzd2lmdCI7czo4OiJYWTQzNDM0MyI7czo0OiJJYmFuIjtzOjExOiJJQkFOMzQzNDM0MyI7czo1OiJiYW5jbyI7czo4OiJXYWxlcyBSZCI7fQ==', 'a:5:{i:1;s:2:"12";i:2;s:2:"12";i:3;s:4:"10.5";i:4;s:4:"10.5";i:5;s:1:"9";}', '52ce8055075f9320277946LogoMawco.jpg', NULL, NULL, NULL, NULL, NULL, NULL, '13', NULL, NULL, '123456', NULL, NULL, NULL),
(95, 620, 'proveedor', 'Shoepernova', 'Tienda calzado', 'Olivia', 'spanishwholesale@yahoo.co.uk', '461b0b593058c2e224144455e9a438fa57d31888', '123456', 'C/ Soria, 3', '345678', 0, 0, 1, '12121212', '232332323', '2034-01-01 00:00:00', '2014-04-16', '1', '86.172.68.60', '', NULL, NULL, 7, 'precio', 'YTo0OntzOjc6Im5jdWVudGEiO3M6NzoiZGZkZnNkZiI7czo2OiJjc3dpZnQiO3M6NjoiZGZzZGZzIjtzOjQ6IkliYW4iO3M6NToicnRydHIiO3M6NToiYmFuY28iO3M6ODoiQy9zZGZkZmQiO30=', 'a:2:{s:8:"porenvio";s:2:"15";s:5:"mayor";s:3:"200";}', 'error.png', NULL, NULL, NULL, NULL, NULL, NULL, '28', NULL, NULL, '123456', NULL, NULL, NULL),
(97, 1, 'cliente', 'Jhonny Esteban Alvarez Villazante jhonnyes', 'cliente', 'cliente', 'pruebaderobo@gmail.com', 'c74811ce6b6e115e937d5ebfc909329d88091590', '', 'Pacata Alta', '123456789', 0, 0, 0, '', '79715012', '0000-00-00 00:00:00', '2014-04-16', '0', '212.230.161.100', '', 'confirm52d7d90619f9f043795983', 1, NULL, NULL, NULL, NULL, NULL, 'Sysdecom', 'Jhonny Esteban Alvarez Villazante', 'jhonnyes', 'Cochabamba', '', 0, 'Bolivia', '', '', 'nomaspruebas', '', NULL, NULL),
(98, 1, 'cliente', 'f f', 'cliente', 'cliente', 'fsg1971@live.com', '461b0b593058c2e224144455e9a438fa57d31888', '222222222d', 'f', 'f', 0, 0, 1, '', '4444444444', '2034-01-01 00:00:00', '2014-04-16', '1', '77.230.54.199', '', 'confirm52f38be692422235314028', 1, NULL, NULL, NULL, NULL, NULL, 'f', 'f', 'f', 'f', '', 0, 'f', '', '', '7777777', '', NULL, NULL),
(99, 1, 'cliente', 'Teresa C', 'cliente', 'cliente', 'salesadmin@mawco.co.uk', '461b0b593058c2e224144455e9a438fa57d31888', '', 'C/ New Road', 'AL3 6NP', 0, 0, 1, '23432434', '087777777', '2034-01-01 00:00:00', '2014-04-16', '1', '86.172.70.73', '', 'confirm52f4c582506b5594696381', 1, NULL, NULL, NULL, NULL, NULL, 'New Co', 'Teresa', 'C', 'Hampshire', 'Southampton', 1, 'UK', '', '', '123456', 'A36', NULL, NULL),
(102, 1, 'admin', 'javier roman', 'admin', 'admin', 'jroman@decimoarte.com', '461b0b593058c2e224144455e9a438fa57d31888', '', '', '28906', 0, 0, 0, '', '620257648', '2014-04-21 17:09:07', '2014-04-16', '1', '212.230.161.100', '', 'confirm5306713533da7462130419', 1, NULL, NULL, NULL, NULL, NULL, 'decimoarte', 'javier', 'roman', 'Getafe', NULL, 1, 'Espa침a', 'jacinto benavente', 'progreso 2', 'decimoarte', NULL, NULL, NULL),
(103, 620, 'proveedor', 'decimoarte', 'empresa', 'javier', 'info@decimoarte.com', '461b0b593058c2e224144455e9a438fa57d31888', 'B84116078', '', '', 0, 0, 1, '', '', '2034-01-01 00:00:00', '2014-04-16', '1', '188.85.231.145', '', NULL, NULL, 3, 'bultos', 'YTo0OntzOjc6Im5jdWVudGEiO3M6MDoiIjtzOjY6ImNzd2lmdCI7czowOiIiO3M6NDoiSWJhbiI7czowOiIiO3M6NToiYmFuY28iO3M6MDoiIjt9', 'a:0:{}', 'error.png', NULL, NULL, NULL, NULL, NULL, NULL, '28', NULL, NULL, '1974decimoarte', NULL, NULL, NULL),
(106, NULL, 'admin', 'fd dsfa', 'admin', 'admin', 'fancum@yahoo.es', '696d25114abf5c45acca6e9cdc90488dbb8e875e', NULL, NULL, '28906', 0, 0, 0, '', '620257648', '2014-04-21 17:00:24', NULL, '1', '212.230.161.100', NULL, 'confirm535531cabd219632799448', 1, NULL, NULL, NULL, NULL, NULL, 'prueba', 'fd', 'dsfa', 'madrid', NULL, 0, 'madrid', '', '', 'decimoarte', NULL, '', NULL);

--
-- Restricciones para tablas volcadas
--

--
-- Filtros para la tabla `articulos`
--
ALTER TABLE `articulos`
  ADD CONSTRAINT `articulos_ibfk_1` FOREIGN KEY (`foto_id`) REFERENCES `fotos` (`id`),
  ADD CONSTRAINT `articulos_ibfk_2` FOREIGN KEY (`surtido_id`) REFERENCES `surtidos` (`id`),
  ADD CONSTRAINT `articulos_ibfk_3` FOREIGN KEY (`pedido_id`) REFERENCES `pedidos` (`id`);

--
-- Filtros para la tabla `calsados`
--
ALTER TABLE `calsados`
  ADD CONSTRAINT `calsados_ibfk_1` FOREIGN KEY (`subtipo_id`) REFERENCES `subtipos` (`id`),
  ADD CONSTRAINT `calsados_ibfk_2` FOREIGN KEY (`tipo_id`) REFERENCES `tipos` (`id`),
  ADD CONSTRAINT `calsados_ibfk_3` FOREIGN KEY (`categoria_id`) REFERENCES `categorias` (`id`);

--
-- Filtros para la tabla `calsados_colors`
--
ALTER TABLE `calsados_colors`
  ADD CONSTRAINT `calsados_colors_ibfk_1` FOREIGN KEY (`calsado_id`) REFERENCES `calsados` (`id`),
  ADD CONSTRAINT `calsados_colors_ibfk_2` FOREIGN KEY (`color_id`) REFERENCES `colors` (`id`);

--
-- Filtros para la tabla `calsados_tags`
--
ALTER TABLE `calsados_tags`
  ADD CONSTRAINT `calsados_tags_ibfk_1` FOREIGN KEY (`calsado_id`) REFERENCES `calsados` (`id`),
  ADD CONSTRAINT `calsados_tags_ibfk_2` FOREIGN KEY (`tag_id`) REFERENCES `tags` (`id`);

--
-- Filtros para la tabla `consultas`
--
ALTER TABLE `consultas`
  ADD CONSTRAINT `consultas_ibfk_1` FOREIGN KEY (`usuario_id`) REFERENCES `usuarios` (`id`),
  ADD CONSTRAINT `consultas_ibfk_2` FOREIGN KEY (`usuario_prov_id`) REFERENCES `usuarios` (`id`);

--
-- Filtros para la tabla `fotos`
--
ALTER TABLE `fotos`
  ADD CONSTRAINT `fotos_ibfk_1` FOREIGN KEY (`calsado_id`) REFERENCES `calsados` (`id`);

--
-- Filtros para la tabla `respuestas`
--
ALTER TABLE `respuestas`
  ADD CONSTRAINT `respuestas_ibfk_1` FOREIGN KEY (`consulta_id`) REFERENCES `consultas` (`id`);

--
-- Filtros para la tabla `surtidos`
--
ALTER TABLE `surtidos`
  ADD CONSTRAINT `surtidos_ibfk_1` FOREIGN KEY (`calsado_id`) REFERENCES `calsados` (`id`);

--
-- Filtros para la tabla `usuarios`
--
ALTER TABLE `usuarios`
  ADD CONSTRAINT `usuarios_ibfk_1` FOREIGN KEY (`regione_id`) REFERENCES `regiones` (`id`);

/*!40101 SET CHARACTER_SET_CLIENT=@OLD_CHARACTER_SET_CLIENT */;
/*!40101 SET CHARACTER_SET_RESULTS=@OLD_CHARACTER_SET_RESULTS */;
/*!40101 SET COLLATION_CONNECTION=@OLD_COLLATION_CONNECTION */;
